0.9864281	0.013571899
0.9571168	0.042883188
0.9529182	0.047081813
0.98443735	0.015562696
0.99517524	0.004824687
0.9459274	0.054072604
0.9717595	0.02824045
0.9740098	0.025990194
0.83474183	0.16525811
0.995552	0.004447919
0.99448735	0.0055126427
0.88119686	0.11880313
0.98036236	0.019637559
0.966289	0.033710975
0.07715004	0.92284995
0.9923004	0.0076995697
0.9016618	0.098338194
0.95985436	0.04014564
0.8781703	0.12182962
0.5726873	0.42731273
0.55697733	0.44302264
0.44454625	0.5554537
0.98092914	0.01907078
0.9801908	0.019809265
0.991135	0.008864954
0.9488198	0.05118018
0.29930267	0.70069736
0.9790267	0.020973284
0.9834509	0.016549055
0.99136156	0.0086384965
0.98774	0.012260075
0.7801211	0.21987891
0.9013802	0.09861982
0.4664386	0.5335614
0.7505154	0.2494846
0.992994	0.007005958
0.9600438	0.039956238
0.97953725	0.020462794
0.9943356	0.005664421
0.7259088	0.27409124
0.04404227	0.9559577
0.2001705	0.79982954
0.7068235	0.29317647
0.9826895	0.017310482
0.6593305	0.34066945
0.98470634	0.015293609
0.99475765	0.005242329
0.9856775	0.014322535
0.99395716	0.006042815
0.9953827	0.004617258
0.4829825	0.5170175
0.7115645	0.2884355
0.9643744	0.035625614
0.97741234	0.02258769
0.9312034	0.068796605
0.5782223	0.4217777
0.99212533	0.007874733
0.54620725	0.45379278
0.6845316	0.3154683
0.2213594	0.77864057
0.9449947	0.055005282
0.9751238	0.024876207
0.9843705	0.015629396
0.899173	0.100827016
0.983247	0.01675305
0.96331173	0.03668825
0.98648155	0.013518432
0.94773424	0.052265804
0.9852911	0.014708835
0.99413526	0.005864682
0.98514485	0.014855127
0.18527256	0.8147274
0.9079479	0.09205205
0.9848439	0.015156074
0.9716241	0.02837593
0.9642058	0.035794165
0.9415033	0.058496755
0.9204566	0.07954337
0.5918494	0.40815058
0.87136817	0.12863189
0.9357177	0.06428237
0.97992194	0.020078015
0.7501759	0.24982405
0.9738563	0.026143746
0.9800077	0.019992316
0.73288876	0.26711127
0.8765548	0.123445295
0.9738404	0.02615954
0.43849596	0.561504
0.7599349	0.24006517
0.9451383	0.054861758
0.32190523	0.67809474
0.20113572	0.7988643
0.14816996	0.85183007
0.26290566	0.73709434
0.72159016	0.2784098
0.2564735	0.7435265
0.3272927	0.67270726
0.6059064	0.39409357
0.88195044	0.118049614
0.32012892	0.679871
0.79965925	0.20034072
0.9915903	0.0084096445
0.99486685	0.005133135
0.15083602	0.84916395
0.17000501	0.829995
0.27970424	0.7202958
0.06904176	0.9309583
0.040827055	0.9591729
0.49017215	0.50982785
0.24795613	0.7520439
0.9294532	0.07054675
0.69691885	0.30308118
0.7859319	0.21406814
0.18630764	0.8136924
0.9945529	0.005447138
0.8968272	0.103172824
0.99040097	0.009599084
0.9893806	0.010619334
0.8876684	0.11233168
0.8814707	0.11852938
0.9826645	0.017335542
0.959088	0.040911995
0.80131793	0.19868205
0.011586358	0.98841363
0.94942194	0.0505781
0.21868883	0.78131115
0.2137373	0.78626263
0.6481126	0.35188738
0.6259843	0.37401566
0.0045993356	0.9954007
0.77145165	0.22854836
0.023357878	0.97664213
0.8232882	0.1767118
0.858273	0.14172699
0.48250103	0.5174989
0.014771827	0.9852282
0.44278413	0.5572159
0.3472033	0.6527966
0.20471898	0.795281
0.57967836	0.42032158
0.006248719	0.9937512
0.0075140363	0.9924859
0.06809741	0.9319026
0.9705748	0.029425157
0.98119384	0.018806115
0.64538634	0.3546136
0.013719647	0.9862803
0.23257233	0.7674276
0.010543542	0.9894565
0.024703411	0.9752966
0.03147781	0.9685222
0.7296486	0.27035138
0.304289	0.695711
0.217019	0.78298104
0.977536	0.022463962
0.1362539	0.8637461
0.6826808	0.31731924
0.17533885	0.82466114
0.49255306	0.50744694
0.59552854	0.40447146
0.7311746	0.2688254
0.6023459	0.39765412
0.1515189	0.8484811
0.09406897	0.90593106
0.98694384	0.013056215
0.23680572	0.76319426
0.33678678	0.6632132
0.22618306	0.773817
0.8651359	0.1348641
0.4610393	0.53896064
0.56142336	0.4385766
0.07657941	0.92342067
0.8798122	0.120187856
0.83995986	0.16004011
0.77705175	0.22294825
0.012341644	0.9876583
0.57469267	0.4253074
0.94283015	0.057169847
0.05614385	0.9438561
0.076048054	0.923952
0.43675876	0.5632412
0.86964315	0.13035688
0.8175018	0.18249828
0.9205288	0.07947118
0.7250119	0.2749881
0.5835644	0.4164356
0.8565913	0.14340872
0.83468395	0.16531608
0.88300216	0.11699781
0.49531204	0.50468796
0.48693135	0.5130686
0.96280867	0.037191346
0.589521	0.41047895
0.7946865	0.20531353
0.43803787	0.5619621
0.30839714	0.6916029
0.34382546	0.6561746
0.7014165	0.2985835
0.7960339	0.20396608
0.9124511	0.087548904
0.8436088	0.15639123
0.34488952	0.6551104
0.13160576	0.86839426
0.980696	0.019303977
0.15329671	0.8467033
0.83626086	0.1637391
0.8853827	0.11461724
0.354614	0.64538604
0.5451509	0.45484915
0.8621725	0.13782756
0.060022578	0.93997747
0.9652143	0.034785643
0.6841692	0.3158308
0.88368565	0.11631436
0.026420109	0.97357994
0.9879816	0.012018374
0.9762458	0.02375419
0.9604324	0.039567582
0.6472906	0.35270944
0.9155691	0.08443094
0.5769683	0.42303166
0.9560679	0.043932088
0.39359313	0.60640687
0.8983901	0.101609856
0.49516097	0.50483906
0.8572862	0.14271379
0.98440915	0.015590912
0.2708522	0.72914785
0.6786062	0.32139376
0.9925355	0.007464589
0.9955284	0.004471631
0.9640927	0.035907276
0.99426264	0.005737317
0.99169296	0.008306982
0.9659615	0.034038424
0.535029	0.464971
0.29672584	0.7032742
0.98478925	0.015210776
0.9875044	0.012495642
0.5025	0.4975
0.73971397	0.26028606
0.9120512	0.08794885
0.10355723	0.8964427
0.51614946	0.48385054
0.82891196	0.17108807
0.97577703	0.024222974
0.060515344	0.93948466
0.9554449	0.044555184
0.38186032	0.6181397
0.23736006	0.76263994
0.48970068	0.5102994
0.49010324	0.5098968
0.21002823	0.78997177
0.4841166	0.51588345
0.6185751	0.38142493
0.26356214	0.73643786
0.26349145	0.73650855
0.08301157	0.9169884
0.24068592	0.75931406
0.3013961	0.6986039
0.9731256	0.02687448
0.92146415	0.0785358
0.9820597	0.017940283
0.83246976	0.16753022
0.9778372	0.022162832
0.8774345	0.122565515
0.14335102	0.8566489
0.18647218	0.81352776
0.8896766	0.11032342
0.75582564	0.24417433
0.652416	0.34758398
0.5754199	0.4245801
0.8895677	0.11043228
0.57120264	0.42879736
0.20701429	0.7929857
0.652416	0.34758398
0.07755966	0.92244035
0.32911772	0.6708823
0.16710226	0.8328977
0.8360815	0.16391852
0.82403743	0.1759626
0.8895677	0.11043228
0.032109264	0.9678907
0.033225402	0.9667745
0.8593722	0.14062782
0.57546633	0.42453367
0.8895677	0.11043228
0.52945316	0.4705468
0.9396094	0.06039057
0.13229325	0.8677068
0.7366741	0.2633259
0.39585212	0.6041479
0.8916429	0.108357064
0.94772446	0.052275497
0.67797494	0.32202506
0.8822916	0.11770845
0.83972335	0.16027659
0.31536704	0.6846329
0.22645414	0.77354586
0.024057796	0.97594225
0.0059246738	0.9940753
0.91035223	0.08964782
0.99532735	0.0046726544
0.13184695	0.8681531
0.23569033	0.7643097
0.013865096	0.98613495
0.3894496	0.61055034
0.6043175	0.39568254
0.82667065	0.17332938
0.8338799	0.16612019
0.32827765	0.6717223
0.9188763	0.08112369
0.7614231	0.23857692
0.5919667	0.40803337
0.93001294	0.06998703
0.97925377	0.020746198
0.9829899	0.017010113
0.9761646	0.02383544
0.89180976	0.10819021
0.08372522	0.9162747
0.8931911	0.106808834
0.92167425	0.07832571
0.6413812	0.35861877
0.64449316	0.35550687
0.5017476	0.49825236
0.09875726	0.90124273
0.32949913	0.6705009
0.8579136	0.14208642
0.23044997	0.76955
0.9786941	0.02130593
0.8895677	0.11043228
0.91442865	0.08557136
0.8239809	0.17601906
0.64191157	0.3580884
0.94865555	0.051344413
0.26363057	0.73636943
0.3336913	0.6663087
0.98464257	0.015357413
0.85268676	0.14731325
0.99128485	0.008715207
0.887695	0.11230498
0.84648156	0.15351844
0.8620519	0.1379481
0.2501842	0.7498158
0.07138269	0.92861736
0.87027085	0.12972908
0.9390313	0.060968652
0.6973335	0.3026665
0.98811895	0.011881119
0.90670645	0.09329356
0.7626182	0.23738179
0.95409834	0.045901656
0.9682408	0.031759188
0.9916387	0.008361257
0.7913195	0.20868047
0.24240834	0.75759166
0.5968287	0.40317127
0.541612	0.45838797
0.32822856	0.6717714
0.8895677	0.11043228
0.98150706	0.018493
0.42180592	0.578194
0.8633461	0.1366539
0.9764178	0.023582302
0.6109038	0.3890962
0.45014703	0.549853
0.92618585	0.073814094
0.9560237	0.043976333
0.9960807	0.003919371
0.9962684	0.0037315376
0.9817379	0.018262062
0.11589902	0.884101
0.057035226	0.9429648
0.031235196	0.9687648
0.5678826	0.43211743
0.90664923	0.09335072
0.98256093	0.017439038
0.47207704	0.5279229
0.038974293	0.9610257
0.8696261	0.13037397
0.28245187	0.7175481
0.93683374	0.06316621
0.14875516	0.8512448
0.8769109	0.123089045
0.7537208	0.24627915
0.3631383	0.63686174
0.5479432	0.4520568
0.91333526	0.08666475
0.06756869	0.9324313
0.7087754	0.2912246
0.63883483	0.36116517
0.6674777	0.3325222
0.47478515	0.52521485
0.4420837	0.5579163
0.60596263	0.39403737
0.18510477	0.8148952
0.89122784	0.10877216
0.94205564	0.057944313
0.7367949	0.26320508
0.24480917	0.7551908
0.5791989	0.42080107
0.4133132	0.5866868
0.07135709	0.9286429
0.61143667	0.38856328
0.8011668	0.1988332
0.8514749	0.14852512
0.19914052	0.80085945
0.92186064	0.07813944
0.97792065	0.02207938
0.048416127	0.9515839
0.5673725	0.4326275
0.38197148	0.6180286
0.484232	0.51576805
0.94354147	0.05645857
0.90562177	0.09437821
0.98895115	0.0110488245
0.8999659	0.10003411
0.92661136	0.0733886
0.98544425	0.014555694
0.82977575	0.1702243
0.9234873	0.076512665
0.8241622	0.17583779
0.9254843	0.074515715
0.75173557	0.2482644
0.44622833	0.5537717
0.293658	0.706342
0.90643656	0.09356341
0.33241245	0.6675876
0.72617614	0.27382392
0.9160468	0.0839532
0.8442541	0.15574597
0.3093842	0.6906158
0.9072742	0.092725866
0.5291574	0.4708426
0.8525237	0.14747633
0.7971081	0.2028919
0.98156965	0.01843038
0.99407685	0.005923135
0.5754917	0.42450824
0.47931227	0.5206877
0.7415931	0.25840688
0.98001593	0.019984124
0.74757594	0.25242403
0.58759207	0.41240788
0.6203374	0.37966254
0.77582526	0.2241748
0.5229172	0.47708276
0.7288592	0.27114078
0.57489026	0.42510968
0.49692714	0.50307286
0.6632987	0.33670127
0.7801714	0.2198286
0.32647052	0.67352945
0.55850846	0.4414916
0.39187992	0.6081201
0.97597367	0.024026295
0.96736676	0.03263319
0.9397147	0.06028524
0.88417184	0.115828134
0.8156009	0.18439914
0.6865138	0.3134862
0.4893108	0.5106892
0.75093704	0.24906297
0.73550695	0.26449308
0.16709508	0.8329049
0.33064628	0.66935366
0.3281628	0.6718372
0.113946736	0.88605326
0.6684994	0.33150062
0.28419712	0.7158029
0.74860615	0.25139388
0.7576225	0.24237756
0.07379135	0.9262087
0.6108557	0.3891443
0.7750302	0.22496983
0.510457	0.48954305
0.66195637	0.33804363
0.46168143	0.5383186
0.945063	0.054936964
0.98744094	0.012559087
0.5387388	0.46126124
0.90483624	0.09516382
0.08658822	0.91341186
0.9007199	0.09928006
0.9746173	0.025382668
0.462223	0.537777
0.7397414	0.2602586
0.63703454	0.36296546
0.9506271	0.049372915
0.09325927	0.9067408
0.79965943	0.20034055
0.9369677	0.063032255
0.60416627	0.3958337
0.9598163	0.040183727
0.9927638	0.007236206
0.94533503	0.054665033
0.9959168	0.004083186
0.5269018	0.47309822
0.99321896	0.0067810267
0.4366073	0.5633927
0.816888	0.183112
0.23063716	0.76936287
0.7851249	0.21487512
0.6043453	0.39565468
0.98543185	0.014568127
0.9809949	0.019005148
0.9672166	0.03278339
0.117140986	0.88285905
0.17849223	0.82150775
0.9159833	0.08401668
0.03407508	0.9659249
0.74731356	0.25268644
0.96884334	0.031156713
0.28469703	0.715303
0.6026478	0.39735216
0.020536248	0.9794638
0.030831883	0.9691682
0.9129762	0.08702377
0.23724987	0.76275015
0.6663736	0.33362642
0.9894243	0.010575756
0.6043095	0.3956905
0.8282878	0.17171218
0.83146024	0.16853982
0.7899197	0.21008031
0.98875016	0.011249859
0.9946721	0.005327834
0.70017284	0.29982716
0.9715409	0.028459055
0.5683272	0.43167287
0.010564686	0.9894354
0.686691	0.313309
0.26968545	0.73031455
0.08392325	0.9160767
0.42811155	0.5718885
0.980583	0.019416954
0.8319526	0.16804741
0.9660637	0.03393638
0.96787405	0.03212598
0.9091827	0.09081732
0.9905111	0.009488872
0.37975442	0.6202456
0.9640149	0.035985127
0.7263824	0.27361763
0.91343343	0.08656659
0.92808557	0.07191445
0.97133034	0.028669635
0.80892086	0.19107911
0.9890737	0.010926342
0.9912924	0.008707519
0.8856246	0.11437539
0.9384506	0.061549373
0.9355341	0.06446587
0.9624404	0.037559617
0.9402956	0.05970445
0.9681709	0.031829193
0.98429465	0.015705276
0.8349685	0.16503148
0.96920717	0.030792817
0.97352815	0.026471883
0.9701092	0.029890768
0.9579818	0.042018197
0.9723607	0.027639382
0.96463925	0.035360795
0.98803115	0.011968856
0.88207155	0.11792847
0.97353566	0.026464328
0.9618301	0.03816987
0.89923877	0.10076121
0.8308999	0.1691001
0.69872427	0.30127573
0.79967403	0.200326
0.011549578	0.9884504
0.19835171	0.80164826
0.9369613	0.06303874
0.7845057	0.21549433
0.9209647	0.07903532
0.81783533	0.18216465
0.8241635	0.17583656
0.8434551	0.15654486
0.9922506	0.0077494043
0.9916515	0.00834852
0.90613246	0.09386761
0.99107134	0.00892865
0.80810195	0.19189806
0.944698	0.055302005
0.8722199	0.12778011
0.9725208	0.027479105
0.8733265	0.1266736
0.70895535	0.29104465
0.45508695	0.54491305
0.8255022	0.17449778
0.82377476	0.17622524
0.7013266	0.29867336
0.122857295	0.8771427
0.8707579	0.1292421
0.95496863	0.045031298
0.99424875	0.005751247
0.9041967	0.09580328
0.95111114	0.048888925
0.7842991	0.21570091
0.31654677	0.68345326
0.9931589	0.0068411366
0.017578267	0.9824217
0.017400773	0.98259926
0.6735606	0.32643938
0.8426242	0.15737575
0.11774512	0.88225484
0.9430111	0.05698896
0.23477077	0.7652292
0.63592	0.36408
0.56657296	0.43342704
0.5602584	0.43974158
0.33308217	0.66691786
0.63592	0.36408
0.6415894	0.35841066
0.9554039	0.04459605
0.9169908	0.08300917
0.89530927	0.1046908
0.5049647	0.49503532
0.2874751	0.7125249
0.27017343	0.7298265
0.009788279	0.99021167
0.1808965	0.81910354
0.19239907	0.8076009
0.5839234	0.4160766
0.913843	0.08615698
0.08118364	0.9188164
0.12280315	0.87719685
0.3499713	0.6500287
0.9495483	0.050451726
0.76097757	0.23902243
0.93796706	0.0620329
0.7900223	0.20997767
0.36345026	0.6365498
0.5638757	0.4361243
0.95742804	0.042572
0.045480005	0.95452
0.9569897	0.04301034
0.18920131	0.8107987
0.5488325	0.45116752
0.6322093	0.3677907
0.7771269	0.22287309
0.97016555	0.029834434
0.9956606	0.0043393727
0.96862835	0.03137164
0.98718333	0.012816701
0.9890359	0.0109640425
0.77928483	0.22071514
0.6399919	0.3600081
0.02460481	0.97539514
0.7243237	0.27567628
0.46446827	0.5355317
0.97343713	0.026562883
0.76098675	0.2390133
0.5225944	0.47740558
0.35120374	0.6487962
0.7948884	0.20511161
0.45406944	0.54593056
0.49507442	0.50492555
0.8333232	0.16667676
0.89669377	0.10330618
0.8906445	0.109355524
0.957647	0.04235291
0.49673286	0.5032671
0.9589648	0.04103519
0.8988298	0.1011702
0.8545534	0.14544658
0.83938897	0.16061106
0.20057888	0.79942113
0.92584914	0.07415085
0.01838346	0.9816165
0.13733599	0.86266404
0.9494597	0.05054035
0.88586664	0.11413338
0.52375627	0.4762437
0.21036774	0.78963226
0.291329	0.708671
0.7522211	0.24777889
0.005245165	0.9947548
0.26599717	0.7340028
0.67956704	0.320433
0.074039966	0.92596
0.52799755	0.4720024
0.22735645	0.77264357
0.9736212	0.026378794
0.55560744	0.4443925
0.85374045	0.14625953
0.04648254	0.95351744
0.25113592	0.7488641
0.023055453	0.97694457
0.32309783	0.6769022
0.7947656	0.20523436
0.06023815	0.9397618
0.67694634	0.32305363
0.8381847	0.16181532
0.7109718	0.2890283
0.32211295	0.677887
0.11180123	0.88819873
0.14044902	0.85955095
0.96895146	0.031048564
0.94496274	0.05503727
0.7702818	0.22971825
0.7820345	0.21796553
0.8413062	0.15869376
0.719382	0.28061807
0.9844775	0.015522445
0.08005831	0.9199417
0.54613584	0.45386413
0.9460684	0.053931627
0.44055638	0.5594436
0.9301758	0.06982419
0.34761447	0.65238553
0.3410421	0.6589579
0.90287024	0.09712981
0.9570204	0.042979673
0.8770072	0.122992784
0.8457202	0.15427981
0.25664058	0.74335945
0.7072449	0.29275513
0.29954886	0.7004511
0.8990179	0.10098217
0.8352227	0.16477731
0.77498686	0.2250131
0.4553235	0.5446765
0.9548442	0.045155752
0.050842658	0.94915736
0.24570708	0.75429296
0.53464603	0.46535394
0.43046516	0.56953484
0.89023435	0.10976566
0.38457695	0.6154231
0.27702516	0.7229749
0.39672592	0.60327405
0.14532475	0.8546753
0.89250386	0.10749616
0.78815544	0.21184455
0.24789488	0.7521052
0.76489586	0.23510414
0.83496225	0.16503772
0.78236747	0.21763259
0.69184935	0.3081506
0.4872487	0.51275134
0.19956706	0.8004329
0.66522634	0.3347737
0.6893721	0.31062785
0.7121383	0.2878617
0.24234205	0.7576579
0.43153492	0.5684651
0.93870133	0.061298642
0.081295215	0.9187048
0.6091322	0.39086786
0.50456077	0.4954393
0.9725112	0.027488865
0.5497085	0.4502915
0.39621824	0.60378176
0.63536006	0.36463994
0.9402916	0.05970843
0.37672323	0.6232767
0.82090247	0.17909752
0.29038197	0.70961803
0.6856984	0.31430164
0.735828	0.26417208
0.89406294	0.105937034
0.84010434	0.15989569
0.028430004	0.97156996
0.13662344	0.86337656
0.12769966	0.8723003
0.12874117	0.8712588
0.0704326	0.92956746
0.00791417	0.9920859
0.43325704	0.56674296
0.035430375	0.96456957
0.7273233	0.27267674
0.051815785	0.94818413
0.09789715	0.9021029
0.012494135	0.9875059
0.08065964	0.9193403
0.1430484	0.85695153
0.057026878	0.94297314
0.024852557	0.9751474
0.5575381	0.44246188
0.86251706	0.13748291
0.81474024	0.18525971
0.47839022	0.5216098
0.6132071	0.3867929
0.08349138	0.9165086
0.268275	0.731725
0.1016461	0.89835393
0.066946566	0.9330535
0.82150364	0.1784963
0.31580108	0.68419886
0.014120628	0.98587936
0.018437438	0.9815625
0.86012787	0.13987213
0.46621108	0.5337889
0.1017017	0.8982983
0.5042791	0.49572092
0.09753259	0.9024674
0.4778425	0.5221575
0.73315036	0.2668497
0.44045	0.55955
0.8310521	0.16894782
0.7569061	0.24309386
0.78332984	0.21667016
0.39045686	0.60954314
0.77916884	0.22083117
0.8726229	0.1273771
0.68164766	0.31835234
0.836252	0.16374809
0.5537026	0.4462974
0.65011173	0.3498883
0.81079954	0.18920045
0.63949865	0.36050132
0.9901557	0.009844305
0.9494941	0.05050589
0.6513046	0.34869534
0.97431517	0.025684832
0.91268975	0.08731021
0.57571346	0.42428657
0.92270154	0.07729851
0.982258	0.01774205
0.5178807	0.48211932
0.029883403	0.9701166
0.57469267	0.4253074
0.94283015	0.057169847
0.05614385	0.9438561
0.084797636	0.9152024
0.7546022	0.24539778
0.69046324	0.30953673
0.84605515	0.15394484
0.5141607	0.48583934
0.29682392	0.7031761
0.08469547	0.91530454
0.07635772	0.9236423
0.4202413	0.5797587
0.4967354	0.5032646
0.70574313	0.29425687
0.024490688	0.9755093
0.40145418	0.59854585
0.734237	0.265763
0.5817846	0.41821536
0.05449463	0.9455054
0.11056729	0.88943267
0.15843913	0.84156084
0.22125244	0.77874756
0.10808971	0.8919103
0.17431395	0.8256861
0.32478905	0.675211
0.9963779	0.0036220776
0.99615663	0.0038433652
0.9721389	0.027861146
0.93442804	0.06557193
0.993933	0.006066928
0.99625826	0.0037417484
0.99389946	0.006100478
0.9933797	0.006620232
0.338259	0.661741
0.9466413	0.05335868
0.9337117	0.06628834
0.98785806	0.012142011
0.9305458	0.06945423
0.9918567	0.008143313
0.91704154	0.082958445
0.99616075	0.003839183
0.9907822	0.009217855
0.9945056	0.005494376
0.9943463	0.005653686
0.9771552	0.022844814
0.9957417	0.00425835
0.98794323	0.012056835
0.42836136	0.5716387
0.98470706	0.01529292
0.20116612	0.79883385
0.21175042	0.78824955
0.7867133	0.21328674
0.93252504	0.06747502
0.9937249	0.0062751845
0.99085414	0.009145847
0.054231517	0.9457685
0.056754954	0.943245
0.6118233	0.38817665
0.97944325	0.02055672
0.9880554	0.011944575
0.9808715	0.019128531
0.9692607	0.03073932
0.9606905	0.039309554
0.89620405	0.10379597
0.99048316	0.00951686
0.99317074	0.006829218
0.99152136	0.008478674
0.9804459	0.019554047
0.99338645	0.006613522
0.97282517	0.027174907
0.98572713	0.014272882
0.99065065	0.00934928
0.99350435	0.006495679
0.99162805	0.008372018
0.98863775	0.011362304
0.9936638	0.0063361824
0.98657817	0.013421812
0.9715977	0.028402386
0.9899053	0.010094722
0.9702757	0.029724225
0.9834458	0.016554195
0.9865144	0.013485646
0.9904571	0.009542908
0.98707706	0.012922966
0.99037814	0.009621785
0.98398983	0.016010085
0.9897626	0.010237367
0.9613691	0.038630836
0.9763277	0.023672223
0.9840044	0.015995618
0.9727218	0.027278235
0.978235	0.021764966
0.99524504	0.004754911
0.99440396	0.0055960487
0.9812992	0.01870079
0.9923113	0.007688652
0.9678257	0.03217432
0.9658302	0.034169864
0.97048336	0.029516606
0.944003	0.055997033
0.9381	0.061900023
0.8151423	0.18485776
0.99109834	0.008901644
0.8962563	0.10374361
0.44969165	0.55030835
0.81262946	0.18737051
0.7262371	0.27376288
0.94836104	0.05163894
0.9741372	0.02586283
0.9249062	0.07509383
0.8019314	0.19806865
0.9488594	0.05114055
0.9430427	0.05695729
0.9599538	0.040046204
0.8191485	0.18085149
0.5042624	0.4957376
0.8452587	0.15474132
0.87963855	0.120361485
0.5418772	0.4581228
0.8050282	0.19497178
0.6632525	0.3367475
0.43233237	0.5676676
0.91716987	0.08283009
0.18103686	0.8189631
0.95296675	0.047033243
0.80826426	0.19173576
0.47100765	0.52899235
0.9900712	0.009928765
0.61879414	0.38120586
0.72292924	0.27707076
0.026077598	0.97392243
0.74846625	0.2515337
0.44742382	0.5525762
0.99177635	0.008223667
0.9862068	0.013793211
0.99234796	0.007652081
0.72890174	0.27109823
0.3599847	0.6400153
0.8643732	0.13562678
0.961631	0.038369063
0.66512823	0.3348718
0.7077033	0.2922967
0.15580864	0.8441914
0.045688912	0.9543111
0.46339634	0.5366036
0.8953605	0.10463945
0.9735034	0.026496556
0.96051943	0.03948063
0.9646149	0.035385028
0.9958116	0.0041884966
0.27109358	0.72890645
0.89636415	0.10363579
0.91378915	0.086210825
0.39128882	0.6087112
0.9834569	0.016543142
0.99131584	0.0086841015
0.67330515	0.32669482
0.10308425	0.89691573
0.32508257	0.6749174
0.8633321	0.13666788
0.98153794	0.018462017
0.91992044	0.08007958
0.94567436	0.054325607
0.9691196	0.030880429
0.89653194	0.103468075
0.9562325	0.04376751
0.38904697	0.61095303
0.09187061	0.9081294
0.9174544	0.08254555
0.023815935	0.976184
0.8017128	0.1982872
0.01157266	0.98842734
0.8805692	0.11943081
0.99415344	0.00584655
0.9659647	0.034035403
0.048320808	0.9516792
0.041842237	0.9581578
0.016577328	0.98342264
0.020911505	0.9790885
0.027965479	0.97203445
0.012363844	0.98763615
0.21950793	0.780492
0.36035362	0.6396464
0.009745341	0.9902547
0.007598628	0.99240136
0.10726195	0.8927381
0.00439972	0.9956002
0.43742898	0.56257105
0.044606384	0.9553936
0.121840715	0.8781593
0.03231548	0.96768445
0.080542885	0.9194571
0.06769144	0.9323085
0.074880764	0.9251193
0.13351311	0.8664869
0.054035228	0.9459647
0.105996735	0.8940033
0.6598401	0.3401599
0.396779	0.603221
0.91073203	0.089267984
0.92836624	0.07163373
0.54383403	0.45616597
0.8587468	0.14125325
0.91120213	0.08879783
0.9267944	0.07320557
0.078656234	0.92134374
0.24857555	0.75142443
0.19318934	0.8068107
0.005817612	0.9941824
0.9773186	0.022681346
0.9045221	0.09547783
0.9769776	0.023022361
0.23794565	0.7620543
0.9760426	0.02395738
0.99015737	0.009842631
0.9760039	0.023996124
0.030450748	0.96954924
0.20413747	0.79586256
0.4773371	0.52266294
0.93007016	0.06992985
0.22363499	0.776365
0.9757781	0.02422197
0.9841989	0.015801014
0.6214651	0.3785349
0.62622684	0.3737731
0.8229921	0.17700791
0.9388183	0.06118172
0.007595356	0.99240464
0.056896288	0.94310373
0.24509673	0.7549033
0.90007555	0.0999244
0.91103154	0.088968456
0.9751676	0.02483243
0.3863153	0.61368465
0.9912458	0.008754181
0.9077783	0.09222164
0.8331449	0.16685507
0.060441706	0.9395583
0.016140943	0.9838591
0.29880944	0.7011906
0.6069915	0.39300847
0.09515577	0.9048442
0.94826144	0.051738515
0.58564013	0.41435987
0.5597372	0.44026276
0.10057534	0.8994246
0.60581845	0.39418152
0.097583346	0.90241665
0.6622274	0.33777264
0.30396253	0.6960375
0.63284826	0.36715174
0.5905385	0.4094615
0.6152339	0.38476613
0.5442469	0.45575315
0.62013084	0.3798692
0.7682857	0.23171434
0.4271908	0.5728092
0.32069212	0.6793079
0.11352392	0.8864761
0.3795451	0.6204549
0.4188561	0.58114386
0.9239622	0.076037854
0.24391319	0.7560868
0.9358164	0.064183585
0.92726564	0.07273435
0.68162835	0.31837165
0.46107712	0.5389229
0.848697	0.15130292
0.6273865	0.3726135
0.9300779	0.06992211
0.7242305	0.27576944
0.9348242	0.06517579
0.8672654	0.13273457
0.24908121	0.7509188
0.7536976	0.24630243
0.5335079	0.46649212
0.06996584	0.9300342
0.078666605	0.92133343
0.27590415	0.7240959
0.2918472	0.7081528
0.4939917	0.5060083
0.08262105	0.9173789
0.31562373	0.6843763
0.2541941	0.74580586
0.55482274	0.44517726
0.2692331	0.73076695
0.07916801	0.920832
0.12760879	0.87239116
0.76217335	0.2378266
0.6678614	0.33213857
0.7357771	0.26422292
0.11060912	0.8893908
0.87283283	0.12716718
0.047377944	0.95262206
0.024368947	0.975631
0.5506169	0.44938308
0.18764538	0.8123546
0.8856966	0.11430344
0.9899631	0.0100369025
0.8975723	0.102427766
0.7033139	0.29668614
0.94034564	0.059654336
0.95852846	0.04147154
0.45702648	0.5429736
0.9758925	0.024107441
0.35668433	0.6433157
0.49579468	0.5042053
0.72217184	0.27782813
0.026143821	0.97385615
0.055388726	0.94461125
0.7433311	0.25666893
0.9686895	0.03131053
0.8757457	0.12425426
0.1171891	0.88281095
0.045579344	0.9544206
0.92017645	0.07982361
0.5186336	0.48136643
0.39455378	0.6054462
0.31577122	0.6842288
0.6465719	0.35342813
0.45744342	0.5425566
0.19041067	0.8095894
0.16083363	0.83916634
0.5355034	0.4644966
0.024135975	0.975864
0.047416568	0.95258343
0.100085996	0.899914
0.3669741	0.63302594
0.0234043	0.97659564
0.076707624	0.9232924
0.90107507	0.098924905
0.70986176	0.29013827
0.97049236	0.029507585
0.35351878	0.6464812
0.5387039	0.46129605
0.8006055	0.19939452
0.33380377	0.6661962
0.8442111	0.15578896
0.18370418	0.81629586
0.8473439	0.15265614
0.5354927	0.46450725
0.85517997	0.14482008
0.7965521	0.20344788
0.7845999	0.21540013
0.059675805	0.94032425
0.436503	0.56349707
0.7763719	0.22362809
0.90233666	0.09766332
0.7827187	0.21728131
0.7010749	0.29892513
0.75479656	0.2452035
0.55412245	0.44587758
0.83304024	0.16695972
0.756443	0.24355704
0.85342693	0.14657311
0.86332864	0.13667136
0.6777361	0.32226387
0.72987974	0.27012023
0.79138494	0.20861506
0.09288526	0.90711474
0.84451467	0.15548533
0.8920773	0.10792273
0.59748536	0.40251464
0.11228324	0.8877167
0.83043677	0.16956323
0.66524404	0.33475596
0.22462356	0.7753764
0.3345549	0.6654451
0.70160633	0.29839367
0.6548717	0.3451283
0.30457434	0.6954256
0.73952484	0.2604752
0.34722453	0.65277547
0.8588814	0.14111857
0.16588521	0.8341148
0.3054938	0.69450617
0.5292675	0.47073248
0.528469	0.47153094
0.36430702	0.63569295
0.21025017	0.7897498
0.4396134	0.5603866
0.3952485	0.6047515
0.49365878	0.5063412
0.01957109	0.98042893
0.008242531	0.99175745
0.032436047	0.9675639
0.681054	0.318946
0.11862644	0.8813736
0.022560153	0.9774399
0.10934289	0.8906571
0.21014579	0.7898542
0.69275236	0.3072477
0.67372817	0.3262718
0.98878026	0.011219723
0.010004131	0.98999584
0.46832412	0.5316759
0.40077323	0.5992268
0.73068976	0.26931027
0.74501455	0.25498548
0.7831835	0.21681646
0.26265183	0.73734814
0.50366807	0.49633193
0.3384619	0.66153806
0.87780166	0.12219835
0.34601557	0.65398437
0.6871462	0.31285378
0.044502433	0.9554975
0.5529259	0.44707415
0.058313534	0.94168645
0.12108997	0.87891
0.50968534	0.49031466
0.016112419	0.9838876
0.57469267	0.4253074
0.94283015	0.057169847
0.05614385	0.9438561
0.076048054	0.923952
0.9954448	0.0045552617
0.9934649	0.006535096
0.19941683	0.8005832
0.41978887	0.58021116
0.1258801	0.87411994
0.846743	0.15325703
0.21521756	0.7847824
0.950295	0.049705047
0.82513857	0.17486137
0.36927742	0.6307226
0.7365557	0.2634443
0.9172882	0.082711734
0.53405654	0.46594346
0.7361888	0.26381117
0.47121337	0.52878666
0.4384181	0.5615819
0.06168939	0.9383107
0.05194202	0.948058
0.47960892	0.5203911
0.120135	0.879865
0.008526862	0.9914731
0.51745415	0.48254582
0.906378	0.09362202
0.4317126	0.56828743
0.32177073	0.6782293
0.48650205	0.51349795
0.06296695	0.937033
0.4539472	0.5460529
0.6699753	0.33002475
0.8459739	0.15402608
0.049789216	0.95021075
0.9789176	0.02108241
0.6669508	0.33304918
0.7730827	0.22691736
0.68101203	0.31898797
0.7481894	0.25181058
0.071938194	0.92806184
0.81024957	0.18975036
0.34792325	0.6520767
0.454494	0.545506
0.59094083	0.4090592
0.9698835	0.030116512
0.7647716	0.2352284
0.7629102	0.23708983
0.074136004	0.925864
0.44445	0.55555004
0.96000564	0.039994396
0.6514775	0.34852254
0.36309198	0.63690805
0.39798045	0.60201955
0.94111407	0.0588859
0.10467656	0.89532346
0.9376777	0.06232232
0.33945122	0.66054875
0.09934268	0.90065736
0.286671	0.71332896
0.118821986	0.8811781
0.21301532	0.7869847
0.56439793	0.4356021
0.85485	0.14515002
0.10517088	0.89482915
0.74131185	0.25868812
0.9697315	0.030268539
0.6559764	0.34402356
0.51895565	0.48104432
0.95617324	0.043826737
0.92507714	0.07492285
0.91113037	0.08886967
0.9601583	0.03984173
0.8818944	0.11810554
0.80662435	0.19337566
0.9308988	0.06910123
0.9595585	0.040441535
0.81241626	0.18758377
0.67582697	0.32417303
0.9681806	0.031819418
0.82616735	0.17383271
0.9584119	0.041588128
0.78607535	0.21392463
0.9554743	0.044525713
0.9919151	0.008084946
0.5582954	0.4417046
0.98793125	0.01206883
0.9822996	0.017700374
0.9672677	0.03273226
0.9747877	0.025212267
0.9853587	0.014641251
0.9746903	0.025309615
0.4317625	0.56823754
0.94882786	0.051172122
0.973505	0.026494974
0.9796569	0.020343145
0.9339942	0.066005856
0.98124975	0.01875029
0.94178206	0.058218013
0.878126	0.12187393
0.9246278	0.0753722
0.973578	0.02642195
0.91201925	0.08798072
0.92469037	0.07530962
0.98399574	0.016004289
0.9543638	0.045636177
0.9667762	0.033223808
0.97234106	0.027658971
0.9960238	0.003976234
0.9886805	0.011319499
0.959776	0.040224023
0.98857087	0.011429136
0.96202135	0.03797866
0.9219451	0.078054935
0.82833385	0.17166615
0.9943969	0.0056030657
0.8899653	0.110034674
0.7341513	0.26584876
0.9274018	0.07259821
0.9356437	0.064356275
0.9465444	0.053455554
0.9357027	0.064297296
0.98833674	0.011663246
0.9821858	0.01781419
0.97825307	0.021746896
0.65803087	0.3419691
0.9537898	0.04621017
0.9610283	0.038971767
0.97621673	0.023783306
0.6676292	0.3323708
0.7537361	0.24626392
0.3852522	0.61474776
0.12749587	0.8725041
0.9288605	0.07113953
0.69628316	0.30371684
0.033857524	0.9661424
0.35736728	0.6426327
0.70155346	0.2984465
0.69220775	0.30779228
0.3336798	0.66632026
0.4728027	0.52719736
0.97385865	0.026141413
0.96520954	0.034790505
0.99525094	0.0047490904
0.8156314	0.18436867
0.9153246	0.08467541
0.9533358	0.046664122
0.29247802	0.707522
0.68776304	0.31223693
0.8833007	0.11669924
0.7953004	0.20469956
0.870168	0.12983201
0.8060076	0.19399236
0.757461	0.24253902
0.70983547	0.2901645
0.7737307	0.22626932
0.18044119	0.8195588
0.6207622	0.37923774
0.6571926	0.3428074
0.37022957	0.62977046
0.73197186	0.2680282
0.67723316	0.32276684
0.84147435	0.15852563
0.538419	0.46158096
0.7252371	0.274763
0.940488	0.059512004
0.20860855	0.79139143
0.8032109	0.19678906
0.38049397	0.619506
0.8700701	0.12992984
0.30979228	0.6902077
0.81714106	0.18285896
0.7449388	0.2550612
0.8322186	0.16778135
0.79864	0.20135997
0.87080145	0.1291986
0.93611616	0.06388382
0.24877039	0.7512296
0.7425034	0.25749663
0.8320918	0.16790819
0.8655522	0.13444784
0.7910712	0.20892884
0.57529426	0.42470574
0.8244743	0.17552572
0.047169346	0.9528307
0.7128938	0.28710628
0.47084907	0.5291509
0.92532265	0.07467728
0.59452116	0.40547884
0.7174063	0.28259373
0.61798996	0.38201
0.75200677	0.24799323
0.5556575	0.44434246
0.08280571	0.9171943
0.6436585	0.35634154
0.6119224	0.38807765
0.75337064	0.24662939
0.93242884	0.06757117
0.16268994	0.8373101
0.615856	0.38414395
0.7961617	0.20383826
0.76865155	0.23134843
0.8610973	0.13890271
0.9777876	0.022212453
0.08114324	0.91885674
0.85526145	0.1447385
0.68887866	0.3111214
0.43068776	0.5693123
0.57128674	0.42871326
0.69441324	0.30558676
0.3778119	0.62218815
0.22828156	0.77171844
0.6257994	0.37420055
0.7634518	0.23654814
0.517815	0.48218504
0.89687747	0.103122555
0.68622625	0.3137738
0.4402612	0.5597389
0.67660844	0.32339156
0.69578576	0.30421424
0.5871055	0.4128945
0.67053527	0.3294648
0.41430205	0.5856979
0.6295095	0.37049046
0.91639674	0.08360319
0.3030522	0.6969479
0.8052399	0.19476002
0.36033797	0.63966197
0.6438581	0.3561419
0.6949637	0.30503625
0.7183286	0.28167138
0.8216896	0.17831036
0.7380148	0.26198515
0.7994429	0.20055711
0.65915143	0.3408486
0.7750258	0.22497424
0.9188028	0.081197225
0.64814526	0.3518548
0.7716479	0.22835213
0.44823155	0.5517684
0.6873349	0.3126651
0.7232947	0.27670535
0.5348938	0.46510622
0.23401247	0.7659875
0.54918694	0.45081306
0.5217695	0.47823048
0.6112718	0.38872817
0.7246053	0.2753947
0.7126482	0.28735182
0.7497259	0.2502741
0.1729619	0.8270381
0.038527545	0.9614725
0.73638916	0.26361087
0.86642975	0.13357028
0.60873866	0.39126134
0.51003283	0.4899672
0.042669185	0.95733076
0.043884378	0.95611566
0.7643536	0.23564643
0.8368105	0.16318946
0.02100891	0.97899115
0.016028952	0.98397106
0.14629139	0.85370857
0.704852	0.29514802
0.56448203	0.435518
0.4007702	0.5992299
0.01393579	0.9860642
0.008747997	0.991252
0.24131265	0.7586874
0.009514133	0.99048585
0.14515236	0.85484767
0.026915712	0.9730843
0.8808259	0.119174086
0.10774741	0.89225256
0.07620327	0.9237967
0.019684367	0.9803156
0.9786726	0.021327445
0.9870919	0.012908078
0.9928629	0.0071371817
0.0076466296	0.9923534
0.9859714	0.014028654
0.9865246	0.013475411
0.47795987	0.52204007
0.02735009	0.9726499
0.99181014	0.00818983
0.017010935	0.98298913
0.4957027	0.50429726
0.18330619	0.8166938
0.09344203	0.90655804
0.94382	0.05617996
0.0028517193	0.99714833
0.018067589	0.9819324
0.09306262	0.9069374
0.97779864	0.022201322
0.01653562	0.98346436
0.98989606	0.010103947
0.015423638	0.98457634
0.60118425	0.39881572
0.7568485	0.24315149
0.82526565	0.17473438
0.25939977	0.74060017
0.752396	0.24760404
0.010263094	0.98973686
0.005757604	0.99424237
0.018528067	0.9814719
0.054213192	0.94578683
0.15622906	0.843771
0.3029599	0.69704014
0.020315435	0.9796846
0.021837208	0.9781628
0.031238008	0.968762
0.027454454	0.97254556
0.035408694	0.9645913
0.009423582	0.9905764
0.15665537	0.8433446
0.26805812	0.7319419
0.87163687	0.12836312
0.6243471	0.37565288
0.09872678	0.90127325
0.3815964	0.6184036
0.29220283	0.70779717
0.71938	0.28061995
0.27603123	0.7239688
0.7123098	0.28769025
0.060631823	0.93936825
0.574703	0.42529705
0.538721	0.461279
0.11423699	0.885763
0.38664293	0.6133571
0.1850019	0.81499815
0.9565944	0.043405533
0.86729854	0.13270141
0.27823982	0.7217602
0.05437675	0.9456233
0.065443	0.934557
0.14085098	0.859149
0.18679073	0.81320924
0.83208364	0.16791639
0.93063396	0.069365986
0.73944867	0.26055133
0.2964281	0.7035719
0.24520731	0.75479275
0.25061405	0.749386
0.5728878	0.42711216
0.06552393	0.93447614
0.68605006	0.31394994
0.95312256	0.04687739
0.92093146	0.07906853
0.9900989	0.0099010505
0.993541	0.0064589777
0.986387	0.013613003
0.61617893	0.38382104
0.98108613	0.018913863
0.9869489	0.013051073
0.50957	0.49042997
0.938837	0.061163034
0.80394644	0.19605352
0.68981427	0.31018576
0.9457156	0.054284446
0.97121644	0.028783629
0.61039436	0.3896056
0.35042772	0.6495723
0.017819906	0.9821801
0.02459875	0.9754013
0.010583871	0.98941606
0.05280913	0.9471908
0.8827493	0.11725071
0.83324265	0.16675732
0.94371074	0.056289207
0.6263021	0.3736979
0.25816262	0.7418374
0.6502507	0.3497494
0.62792444	0.37207556
0.912586	0.087414
0.9108474	0.08915254
0.5598789	0.44012117
0.9878736	0.012126377
0.98426557	0.015734453
0.24820451	0.75179553
0.7081503	0.29184967
0.5823416	0.4176584
0.3724581	0.62754196
0.812757	0.18724297
0.98568916	0.014310849
0.15771785	0.8422822
0.1671932	0.83280677
0.5909806	0.40901938
0.04926049	0.95073956
0.7196012	0.28039876
0.36083004	0.63917
0.47301048	0.52698946
0.3206621	0.67933786
0.84452194	0.15547806
0.016982157	0.9830178
0.5472287	0.45277125
0.17433947	0.8256605
0.49483487	0.50516516
0.9803726	0.019627474
0.7861879	0.21381216
0.16603886	0.8339611
0.15710753	0.8428925
0.8070121	0.19298792
0.24841064	0.7515894
0.7046337	0.29536632
0.25928792	0.7407121
0.04880886	0.9511911
0.06601878	0.9339812
0.18114926	0.8188507
0.6893696	0.31063035
0.3829076	0.61709243
0.035886183	0.96411383
0.39962924	0.6003707
0.9791893	0.020810723
0.641091	0.35890895
0.7831282	0.21687177
0.98862016	0.011379875
0.99333537	0.0066646365
0.91753244	0.08246762
0.2569743	0.7430257
0.025729343	0.9742707
0.9965856	0.0034143964
0.9822296	0.017770432
0.9783003	0.021699749
0.80692387	0.19307613
0.9685527	0.031447336
0.97702664	0.022973312
0.9857012	0.0142987445
0.9868716	0.013128422
0.99025047	0.009749543
0.96957123	0.03042875
0.79997754	0.20002238
0.9952319	0.004768087
0.9935254	0.006474581
0.97555417	0.024445813
0.98874146	0.011258603
0.99547344	0.004526539
0.9891433	0.010856721
0.988368	0.011632001
0.16212499	0.83787495
0.9914658	0.0085341735
0.169066	0.83093405
0.014168795	0.9858312
0.6134449	0.38655508
0.39024907	0.6097509
0.3300973	0.6699027
0.2169747	0.7830253
0.62781274	0.3721872
0.0685082	0.9314918
0.010770545	0.9892294
0.012465099	0.9875349
0.018937126	0.98106295
0.52935076	0.47064924
0.38996673	0.6100333
0.9057417	0.09425834
0.16650042	0.83349955
0.92331344	0.07668654
0.99064165	0.009358388
0.97677	0.023229972
0.99089944	0.009100595
0.91148186	0.08851821
0.47663936	0.5233606
0.9912879	0.008712172
0.9787077	0.021292359
0.98583394	0.014166058
0.9677302	0.03226981
0.9504248	0.049575206
0.9491363	0.050863665
0.9043991	0.09560097
0.98175675	0.018243255
0.9891599	0.010840116
0.9102241	0.08977594
0.97180927	0.028190687
0.993604	0.0063960413
0.6378748	0.3621252
0.9920006	0.007999357
0.58619624	0.4138038
0.9824148	0.017585268
0.9937365	0.0062634856
0.8146585	0.18534149
0.99371946	0.0062805414
0.99586934	0.0041306796
0.9966313	0.0033686932
0.33471283	0.6652872
0.9358916	0.06410839
0.9818174	0.018182592
0.75877327	0.24122675
0.26759702	0.732403
0.9439654	0.056034576
0.9209275	0.0790725
0.9809569	0.01904304
0.75866216	0.24133784
0.3887006	0.61129934
0.88667876	0.11332124
0.9235538	0.07644619
0.35388395	0.646116
0.43623793	0.56376207
0.984903	0.015096971
0.91815114	0.08184882
0.8898737	0.11012633
0.9893026	0.010697461
0.09756391	0.9024361
0.81571496	0.18428504
0.91927695	0.08072305
0.40962735	0.5903726
0.045801066	0.95419896
0.5829754	0.41702464
0.59522724	0.4047727
0.6325839	0.3674161
0.98210996	0.017890038
0.70349264	0.29650742
0.8530644	0.14693561
0.74764204	0.2523579
0.89525944	0.1047405
0.8939534	0.106046654
0.13008115	0.8699188
0.9711639	0.028836047
0.07274628	0.9272538
0.98540026	0.014599705
0.96575767	0.03424232
0.9853946	0.014605455
0.48638532	0.5136147
0.9918584	0.008141619
0.82491547	0.1750846
0.7706749	0.22932507
0.3068191	0.69318086
0.32808018	0.6719198
0.3288329	0.6711671
0.62255603	0.377444
0.06032892	0.93967104
0.74520534	0.25479472
0.3499713	0.6500287
0.62614226	0.3738577
0.6592424	0.34075764
0.8905862	0.10941373
0.69991106	0.30008894
0.9781706	0.021829449
0.9442933	0.055706702
0.98731405	0.012685973
0.951777	0.048223093
0.750029	0.24997096
0.962043	0.037956987
0.9917685	0.008231519
0.9612552	0.038744774
0.91383106	0.08616891
0.7724526	0.2275474
0.6703463	0.32965368
0.8636988	0.1363012
0.74957013	0.25042984
0.37438893	0.6256111
0.38318837	0.6168116
0.80763614	0.19236389
0.45202428	0.54797566
0.35324222	0.64675784
0.906222	0.09377803
0.90361315	0.09638681
0.13922411	0.8607759
0.81357545	0.18642458
0.26252222	0.7374778
0.0054112505	0.99458873
0.6334999	0.36650005
0.8322518	0.16774815
0.03621378	0.9637862
0.43078318	0.56921685
0.8398364	0.16016355
0.7646776	0.23532246
0.2548199	0.74518013
0.77249825	0.22750172
0.9538615	0.046138495
0.5327802	0.46721986
0.90721774	0.09278226
0.85657007	0.14342998
0.13965185	0.86034817
0.32802063	0.67197937
0.8583292	0.14167081
0.5777708	0.42222917
0.15166193	0.84833807
0.671531	0.32846898
0.7640423	0.23595764
0.33000877	0.66999125
0.9086085	0.091391526
0.92964596	0.07035411
0.66403836	0.33596167
0.98081243	0.019187547
0.709639	0.29036096
0.33741486	0.66258514
0.4883461	0.51165384
0.037630938	0.962369
0.31305388	0.6869461
0.050882984	0.94911695
0.111328326	0.88867164
0.45722744	0.54277253
0.7572066	0.24279343
0.031660795	0.96833915
0.781647	0.21835294
0.034245104	0.9657549
0.26830485	0.7316951
0.14430472	0.85569525
0.8252471	0.1747529
0.27612284	0.72387713
0.6767594	0.32324055
0.57613415	0.42386582
0.48574394	0.51425606
0.64322543	0.3567746
0.44072568	0.5592743
0.84156203	0.15843797
0.8497025	0.1502975
0.48909673	0.5109033
0.683591	0.31640893
0.46875283	0.5312472
0.94227374	0.05772624
0.8399935	0.16000651
0.022623168	0.97737676
0.07801213	0.9219879
0.77144897	0.22855103
0.6497801	0.35021994
0.13249189	0.8675081
0.66340023	0.3365998
0.67189074	0.3281093
0.9802208	0.019779157
0.9611716	0.038828343
0.98075575	0.019244201
0.9773069	0.022693146
0.9526185	0.047381528
0.92578465	0.0742153
0.9885203	0.011479694
0.9874413	0.012558673
0.97202593	0.027974134
0.98518074	0.014819322
0.97629285	0.023707163
0.97629285	0.023707163
0.967313	0.032687
0.96381706	0.036182884
0.9687255	0.031274494
0.071877494	0.9281225
0.3025088	0.69749117
0.97874	0.021260047
0.49806508	0.50193495
0.48613235	0.5138677
0.45659927	0.5434007
0.49296838	0.5070316
0.8300585	0.16994146
0.7597176	0.2402824
0.39608997	0.60390997
0.83830583	0.1616942
0.93426263	0.0657374
0.9557558	0.044244204
0.98202837	0.017971644
0.9193304	0.0806696
0.92774326	0.072256796
0.6965593	0.30344072
0.8092473	0.19075274
0.6921696	0.30783033
0.52531934	0.47468063
0.090174764	0.90982527
0.7271766	0.27282342
0.1768552	0.82314485
0.006922003	0.99307793
0.032404814	0.96759516
0.9047845	0.095215544
0.3057302	0.69426984
0.8468576	0.15314241
0.5260814	0.47391862
0.7988759	0.20112404
0.7262682	0.27373183
0.31341144	0.6865886
0.9847081	0.015291886
0.5448155	0.4551845
0.6565253	0.34347472
0.9710243	0.028975725
0.98123723	0.018762734
0.9919783	0.0080216555
0.98562115	0.014378787
0.98238695	0.017613033
0.94903654	0.050963465
0.9553726	0.04462739
0.66270286	0.3372972
0.92712843	0.07287158
0.27189338	0.7281066
0.71632975	0.28367028
0.13615404	0.863846
0.1663412	0.83365875
0.5721218	0.42787817
0.42980468	0.57019526
0.85401976	0.1459803
0.30699	0.69301003
0.3443114	0.6556886
0.13170822	0.86829174
0.7667147	0.23328526
0.029600568	0.97039944
0.40994588	0.5900541
0.059961222	0.9400388
0.1417568	0.85824317
0.8456209	0.15437911
0.58863235	0.4113676
0.4683685	0.53163147
0.63284814	0.36715186
0.83147347	0.16852652
0.85895723	0.1410428
0.82748604	0.17251404
0.85506254	0.14493744
0.8286581	0.17134193
0.82225376	0.17774622
0.69961613	0.30038387
0.7056675	0.29433253
0.8965437	0.10345626
0.76780665	0.23219335
0.6040169	0.3959831
0.72927535	0.2707246
0.49643335	0.5035666
0.8541661	0.14583391
0.82109934	0.17890063
0.5103809	0.48961908
0.75517136	0.24482867
0.6914895	0.30851045
0.9113133	0.08868667
0.7025143	0.29748574
0.7983685	0.20163155
0.47406337	0.52593666
0.86934984	0.13065018
0.75921905	0.24078098
0.8053314	0.19466858
0.8559853	0.14401466
0.768847	0.23115298
0.6932461	0.30675387
0.944321	0.055679057
0.46819046	0.5318095
0.56510323	0.43489683
0.85988444	0.14011551
0.5438553	0.4561447
0.88373685	0.11626313
0.31576625	0.6842337
0.36825272	0.63174725
0.7106104	0.28938955
0.79513144	0.20486853
0.6944157	0.30558437
0.7600197	0.2399803
0.2987138	0.70128626
0.4037614	0.59623855
0.5405501	0.45944986
0.66339475	0.33660528
0.84897953	0.15102051
0.46002668	0.5399733
0.075578906	0.9244211
0.24908744	0.75091255
0.07160462	0.92839533
0.8138265	0.18617347
0.03828765	0.96171236
0.824157	0.17584294
0.88298416	0.11701586
0.8308284	0.16917153
0.85417634	0.14582361
0.3532287	0.64677125
0.76199085	0.23800918
0.75386655	0.24613343
0.7939577	0.20604225
0.74304104	0.256959
0.81705976	0.18294024
0.78833854	0.21166143
0.49374005	0.50626
0.7105608	0.28943914
0.47439072	0.52560925
0.83258057	0.16741942
0.58127755	0.41872245
0.9182096	0.08179042
0.7474017	0.2525983
0.75263554	0.2473644
0.44111574	0.55888426
0.8639911	0.13600886
0.9377266	0.062273417
0.83386743	0.16613258
0.79824007	0.20175993
0.66002524	0.33997476
0.72142404	0.2785759
0.56788266	0.43211734
0.7948114	0.20518857
0.7700747	0.2299253
0.5862691	0.41373092
0.56217504	0.437825
0.00772677	0.99227315
0.010282932	0.989717
0.5446484	0.45535162
0.43735564	0.56264436
0.008264826	0.9917352
0.106153406	0.8938466
0.062388305	0.93761164
0.013573675	0.98642635
0.019904545	0.9800955
0.008194771	0.9918052
0.82330906	0.17669092
0.5938024	0.40619764
0.19989379	0.8001062
0.024069946	0.9759301
0.0038451732	0.99615484
0.014394203	0.9856058
0.029310832	0.9706891
0.045400582	0.9545994
0.21205884	0.7879412
0.030008018	0.969992
0.03476855	0.9652314
0.7401565	0.25984356
0.52659714	0.47340292
0.06951043	0.93048954
0.06764253	0.9323575
0.03296498	0.967035
0.014418407	0.9855816
0.015163735	0.9848363
0.006784766	0.9932152
0.2148572	0.7851427
0.045139894	0.9548601
0.030896552	0.96910346
0.09475522	0.90524477
0.425572	0.574428
0.0070225135	0.99297744
0.009764152	0.99023587
0.10196957	0.8980304
0.84634787	0.15365218
0.017867515	0.98213255
0.7862305	0.2137695
0.85552907	0.14447097
0.95000976	0.049990192
0.70604986	0.2939501
0.103786916	0.89621305
0.3714369	0.6285631
0.6324261	0.36757395
0.7908127	0.20918731
0.29256445	0.70743555
0.12468863	0.8753114
0.13557206	0.8644279
0.077153444	0.92284656
0.44381547	0.55618453
0.8900337	0.10996625
0.7117546	0.28824538
0.45515537	0.5448446
0.43216905	0.5678309
0.19800012	0.8019999
0.47830448	0.5216955
0.61814517	0.3818549
0.47553188	0.5244681
0.5761221	0.4238779
0.016123202	0.98387676
0.34764302	0.65235704
0.1671413	0.83285874
0.67993903	0.32006094
0.3960008	0.6039992
0.53273296	0.4672671
0.090187915	0.90981215
0.041959975	0.95804
0.32659552	0.67340446
0.17839596	0.821604
0.277076	0.72292405
0.73566365	0.26433635
0.2175873	0.7824127
0.4468019	0.55319816
0.6590657	0.3409343
0.8611771	0.1388229
0.9860556	0.013944409
0.42781985	0.57218015
0.29497036	0.7050296
0.35641184	0.6435882
0.60436237	0.3956376
0.82539105	0.17460893
0.39004242	0.6099576
0.5629457	0.43705428
0.90893143	0.091068536
0.70530754	0.2946925
0.91564167	0.08435832
0.5798019	0.4201981
0.54371405	0.45628595
0.17477338	0.82522666
0.42487565	0.5751243
0.30141127	0.6985887
0.687677	0.312323
0.395941	0.60405904
0.53883946	0.46116054
0.8260347	0.1739653
0.52039933	0.47960064
0.59515244	0.40484753
0.091765925	0.90823406
0.7901915	0.20980847
0.1377013	0.86229867
0.120942116	0.8790578
0.1762312	0.8237688
0.5105243	0.48947573
0.9118505	0.08814951
0.9940567	0.0059432345
0.9910535	0.008946538
0.9897827	0.010217346
0.983328	0.016672013
0.9946003	0.0053997403
0.98050576	0.019494208
0.97182333	0.02817665
0.97148466	0.028515307
0.9941233	0.005876769
0.9947442	0.005255839
0.9946162	0.00538375
0.71280104	0.287199
0.23515378	0.76484627
0.9898385	0.010161569
0.9959124	0.0040875594
0.99307644	0.00692354
0.9859504	0.014049651
0.9744188	0.02558117
0.9757665	0.024233472
0.98729825	0.0127018215
0.99054235	0.009457654
0.9779716	0.02202843
0.9856953	0.014304742
0.9827503	0.017249703
0.9868996	0.013100455
0.99166626	0.008333713
0.8638811	0.13611886
0.8494234	0.15057667
0.99519145	0.004808504
0.9953572	0.0046427157
0.98224175	0.017758202
0.9794079	0.020592157
0.99065644	0.009343554
0.99169147	0.008308491
0.9890532	0.010946786
0.9949458	0.005054204
0.9581392	0.04186081
0.9935441	0.0064559523
0.96871704	0.031282987
0.8372859	0.16271415
0.6974974	0.30250257
0.9952916	0.0047084237
0.99343336	0.0065666507
0.9783427	0.021657236
0.97615576	0.0238443
0.9929792	0.007020838
0.9773356	0.022664461
0.9266622	0.07333781
0.9364538	0.0635462
0.9841578	0.015842171
0.9912983	0.008701739
0.9806788	0.019321205
0.9856742	0.014325768
0.50674134	0.49325868
0.9940824	0.005917553
0.9842151	0.015784908
0.9944864	0.005513657
0.9895555	0.010444564
0.7332138	0.2667862
0.9506961	0.049303837
0.9963405	0.0036595212
0.99674964	0.0032503633
0.9971328	0.0028672214
0.9490735	0.050926574
0.99473816	0.005261896
0.07150123	0.9284988
0.99340963	0.0065904427
0.98923093	0.010769078
0.817241	0.18275903
0.95716923	0.042830758
0.8763922	0.123607814
0.94636565	0.053634312
0.9098021	0.090197906
0.23393527	0.7660647
0.9946207	0.005379312
0.8544452	0.14555486
0.5824318	0.41756824
0.9451216	0.054878384
0.9731687	0.02683133
0.7126784	0.28732157
0.9841282	0.01587181
0.8303129	0.16968712
0.9141808	0.08581921
0.58151495	0.41848508
0.9892426	0.010757446
0.9897966	0.010203482
0.936613	0.063387014
0.98756856	0.012431398
0.12143567	0.87856436
0.7952623	0.20473772
0.721925	0.27807495
0.6971267	0.3028733
0.904896	0.09510394
0.93327904	0.06672093
0.7083141	0.29168585
0.8794861	0.120513864
0.8868684	0.11313154
0.9665503	0.033449702
0.9965366	0.0034633824
0.97952557	0.020474402
0.39285418	0.6071458
0.98416924	0.01583069
0.77685994	0.22314008
0.8792076	0.12079235
0.6184602	0.38153985
0.8469558	0.15304422
0.8555247	0.1444753
0.067288026	0.93271196
0.7754903	0.2245097
0.89745724	0.10254283
0.8168623	0.18313771
0.96249336	0.037506666
0.9416688	0.05833121
0.977444	0.02255605
0.84455574	0.15544423
0.8862648	0.11373523
0.9743983	0.025601694
0.99073714	0.009262902
0.97402453	0.025975453
0.68435603	0.31564397
0.93385506	0.066144906
0.1064284	0.8935716
0.98435485	0.015645146
0.87758374	0.12241624
0.8759339	0.12406605
0.94443566	0.055564344
0.93370473	0.06629529
0.64126676	0.3587332
0.92067593	0.07932411
0.96874183	0.031258117
0.93889385	0.061106205
0.9875766	0.012423423
0.95973927	0.040260702
0.9807643	0.019235617
0.98169416	0.018305821
0.96767765	0.032322325
0.9252418	0.07475821
0.9561909	0.043809127
0.1503978	0.84960216
0.965967	0.034032986
0.8987868	0.10121324
0.8891256	0.11087439
0.48083103	0.519169
0.16641928	0.83358073
0.83488923	0.16511081
0.20899199	0.791008
0.45857754	0.5414225
0.55086625	0.44913378
0.053106606	0.9468934
0.41193065	0.5880693
0.78828675	0.21171321
0.5703159	0.42968407
0.80248773	0.19751225
0.11973142	0.88026863
0.6891564	0.31084362
0.9476368	0.0523632
0.6154015	0.38459852
0.9839796	0.016020427
0.96515834	0.034841713
0.93865275	0.061347254
0.97327346	0.026726576
0.98639387	0.013606107
0.966344	0.03365596
0.9105784	0.08942164
0.53740644	0.46259353
0.72874844	0.27125153
0.94225943	0.05774056
0.9215228	0.07847722
0.9553023	0.044697654
0.9288639	0.07113606
0.89458144	0.10541853
0.98538476	0.014615187
0.98289734	0.017102696
0.9777209	0.022279022
0.97056794	0.02943212
0.9620513	0.037948765
0.8783058	0.121694185
0.91713417	0.08286579
0.9826248	0.017375141
0.9874062	0.012593835
0.97384655	0.026153456
0.9841462	0.015853787
0.97482115	0.025178896
0.9659029	0.03409714
0.9372179	0.06278208
0.19961202	0.800388
0.9766267	0.023373319
0.98844075	0.011559249
0.88431513	0.11568493
0.9286746	0.07132545
0.94155085	0.05844916
0.9205384	0.07946156
0.98344857	0.016551415
0.98344857	0.016551415
0.8062294	0.1937706
0.99139637	0.008603672
0.9910477	0.00895234
0.99083334	0.009166612
0.9847342	0.015265765
0.9833387	0.016661234
0.9875515	0.012448487
0.9914477	0.008552329
0.9834832	0.016516818
0.9817862	0.01821376
0.98685753	0.013142398
0.9943251	0.005674935
0.99433374	0.0056662695
0.991647	0.008352921
0.94846064	0.051539328
0.9196048	0.08039525
0.9939272	0.0060728285
0.96954715	0.030452823
0.9908506	0.009149364
0.98266083	0.01733917
0.99129057	0.008709458
0.97813284	0.021867147
0.5513191	0.44868094
0.9673821	0.032617897
0.99364555	0.0063544167
0.94574076	0.054259203
0.9624308	0.03756929
0.9302914	0.06970857
0.9512383	0.04876172
0.94628483	0.053715136
0.6733383	0.32666168
0.39025027	0.60974973
0.9736278	0.026372215
0.8542941	0.14570582
0.7576319	0.24236807
0.39145765	0.6085424
0.9923563	0.0076436563
0.9842434	0.015756553
0.44182813	0.5581718
0.17507769	0.82492226
0.6924427	0.30755728
0.7176376	0.2823624
0.8185417	0.18145825
0.9267267	0.07327325
0.37222674	0.6277733
0.8379548	0.16204524
0.91921246	0.08078751
0.96891487	0.031085107
0.9804304	0.019569498
0.9155834	0.0844166
0.90113753	0.0988625
0.88127875	0.11872119
0.87019145	0.12980857
0.9877302	0.012269826
0.9606239	0.039376073
0.898725	0.10127508
0.79824317	0.2017569
0.79386765	0.20613234
0.4097601	0.59023994
0.3062441	0.69375587
0.85613567	0.14386436
0.91006285	0.08993712
0.9840688	0.01593113
0.20019798	0.799802
0.5217545	0.47824547
0.89404017	0.1059598
0.98440206	0.015597911
0.14340475	0.8565952
0.27481622	0.7251838
0.47226673	0.52773327
0.8510925	0.14890747
0.61150444	0.38849553
0.18003137	0.81996864
0.7775003	0.22249977
0.96249294	0.037507035
0.98658514	0.013414901
0.9245423	0.07545773
0.91227174	0.087728195
0.81104344	0.18895653
0.8270758	0.17292419
0.7557598	0.24424021
0.8986585	0.10134152
0.8032598	0.19674024
0.9356799	0.06432008
0.7699914	0.23000866
0.9093221	0.09067795
0.99329466	0.006705269
0.53920555	0.46079445
0.960062	0.039938025
0.9260306	0.07396941
0.87954485	0.12045509
0.853287	0.14671303
0.969009	0.03099104
0.8619145	0.13808545
0.57848024	0.42151976
0.9623268	0.037673157
0.98805654	0.011943409
0.5814609	0.41853917
0.9939061	0.006093904
0.9949092	0.0050907293
0.95793116	0.042068835
0.9864696	0.013530417
0.9806599	0.01934005
0.9950244	0.004975544
0.9708928	0.029107206
0.92715466	0.07284531
0.98194075	0.018059243
0.9891299	0.01087012
0.958008	0.041991994
0.80243737	0.19756266
0.88004994	0.11995007
0.76853085	0.23146911
0.5862014	0.4137986
0.8348376	0.16516238
0.71453595	0.28546408
0.67101604	0.328984
0.22024621	0.77975374
0.3531737	0.64682627
0.61165667	0.3883434
0.6253304	0.37466964
0.9797236	0.02027638
0.84054136	0.15945865
0.86830395	0.13169603
0.6541082	0.34589177
0.76737726	0.23262277
0.93824536	0.06175467
0.06453905	0.935461
0.7615638	0.2384362
0.98252827	0.017471747
0.6365014	0.3634987
0.8899615	0.11003845
0.5097683	0.49023166
0.6250876	0.37491244
0.12898812	0.87101185
0.6310197	0.36898035
0.8854811	0.11451886
0.8958016	0.10419834
0.759636	0.240364
0.97437197	0.025627995
0.9501477	0.049852256
0.8943366	0.10566339
0.8185896	0.18141031
0.96832484	0.031675097
0.8483454	0.15165457
0.59896255	0.40103742
0.71680504	0.28319496
0.9681161	0.031883877
0.91291094	0.08708907
0.85267335	0.14732666
0.82304734	0.17695265
0.77689433	0.22310573
0.99394023	0.006059822
0.96042	0.03957996
0.8895923	0.11040775
0.9238799	0.07612007
0.98389995	0.016100012
0.88272387	0.11727612
0.9622925	0.037707444
0.9680062	0.031993806
0.8588241	0.14117593
0.95937115	0.040628877
0.8832361	0.116763875
0.8609398	0.13906026
0.6117214	0.3882786
0.95881927	0.041180722
0.95351267	0.046487357
0.9804443	0.019555727
0.9904207	0.00957928
0.9725428	0.027457112
0.73058534	0.26941466
0.98082	0.01917998
0.50510585	0.49489412
0.8138078	0.18619223
0.077978335	0.9220216
0.96916157	0.03083845
0.99357384	0.006426111
0.9851521	0.014847799
0.013182583	0.9868174
0.89359075	0.10640924
0.9871301	0.012869926
0.98842305	0.011576942
0.13211605	0.867884
0.97217834	0.02782169
0.9775353	0.022464713
0.9525525	0.047447518
0.7255278	0.27447212
0.7874434	0.21255657
0.7147981	0.2852019
0.9881963	0.011803639
0.98521024	0.0147897275
0.972639	0.027360938
0.92392766	0.07607233
0.29659703	0.703403
0.9868836	0.013116456
0.92492527	0.07507467
0.9621127	0.037887294
0.96180046	0.038199607
0.5813105	0.41868955
0.7917778	0.20822221
0.549566	0.450434
0.99081755	0.009182512
0.98267764	0.017322337
0.9756757	0.024324287
0.9596418	0.040358167
0.7987931	0.20120688
0.99196327	0.008036741
0.77163225	0.22836773
0.9876594	0.012340656
0.9612443	0.03875572
0.9556586	0.044341385
0.9934083	0.006591708
0.9346253	0.06537465
0.969217	0.03078301
0.9937644	0.0062356074
0.975294	0.024705965
0.98981947	0.010180597
0.99124604	0.008754003
0.9859416	0.014058384
0.95996463	0.040035393
0.88962317	0.110376865
0.99564904	0.0043510078
0.98574924	0.014250677
0.97989917	0.020100892
0.90237665	0.09762337
0.99444747	0.0055524646
0.4338221	0.5661779
0.979035	0.020965023
0.8874569	0.11254318
0.5825648	0.41743517
0.13015525	0.86984473
0.7943245	0.20567544
0.910199	0.089801036
0.94486386	0.05513615
0.97487485	0.0251251
0.7199284	0.28007162
0.93427575	0.06572429
0.61615056	0.38384944
0.25234067	0.7476593
0.7987245	0.20127548
0.97903156	0.020968454
0.32585618	0.6741438
0.021306513	0.9786935
0.10632625	0.8936737
0.062255144	0.93774486
0.58137375	0.41862622
0.5522642	0.44773582
0.83113694	0.168863
0.7168251	0.28317484
0.44626817	0.5537318
0.5360411	0.46395886
0.97072977	0.029270243
0.27314404	0.72685593
0.88306946	0.11693054
0.84630364	0.15369642
0.9694718	0.030528225
0.61613876	0.3838612
0.4346911	0.56530887
0.25280902	0.74719095
0.095991604	0.90400845
0.9872966	0.012703357
0.2913932	0.70860684
0.96180177	0.03819827
0.33753338	0.6624666
0.16574746	0.83425254
0.9400715	0.05992841
0.98345387	0.016546123
0.37257078	0.6274292
0.97125554	0.028744392
0.8671329	0.13286708
0.92210543	0.0778946
0.33836037	0.6616397
0.64088714	0.35911283
0.7826326	0.2173674
0.958709	0.041291002
0.39643604	0.60356396
0.00752232	0.9924777
0.75196993	0.24803013
0.97635925	0.023640735
0.96745265	0.032547284
0.991343	0.008657018
0.97403675	0.025963288
0.3369305	0.66306955
0.67775923	0.32224074
0.9219992	0.0780008
0.20383246	0.7961676
0.3941936	0.60580635
0.11994353	0.8800565
0.57469267	0.4253074
0.94283015	0.057169847
0.05614385	0.9438561
0.076048054	0.923952
0.99683315	0.00316681
0.99045813	0.00954188
0.99474585	0.0052541336
0.995771	0.0042289747
0.31316745	0.68683255
0.99603206	0.00396791
0.9945511	0.005448895
0.9924119	0.007588035
0.9884482	0.011551793
0.06005889	0.9399411
0.9920953	0.007904786
0.99511886	0.004881123
0.99254215	0.007457801
0.9965329	0.003467008
0.98959804	0.010401921
0.91264474	0.08735523
0.8938112	0.106188744
0.7364244	0.2635756
0.89080894	0.10919106
0.10336404	0.896636
0.4794507	0.5205493
0.9389068	0.06109326
0.6305875	0.36941248
0.4780426	0.5219574
0.9972588	0.0027411648
0.99172056	0.008279423
0.99623716	0.0037627744
0.9900148	0.00998523
0.9884384	0.011561576
0.9951331	0.0048668254
0.9834095	0.016590485
0.9804465	0.019553546
0.9939651	0.006034938
0.9959006	0.004099425
0.99499303	0.005006972
0.99297225	0.007027676
0.1708481	0.8291519
0.9801931	0.019806977
0.9945181	0.0054818653
0.6141473	0.3858527
0.36589321	0.63410676
0.5083936	0.49160644
0.4655649	0.5344351
0.45192218	0.5480779
0.61802685	0.38197312
0.20353796	0.7964621
0.390849	0.609151
0.086176515	0.9138235
0.8787384	0.12126159
0.08051978	0.9194802
0.22235754	0.7776424
0.11585038	0.8841496
0.51424783	0.48575214
0.6722456	0.3277544
0.1845087	0.8154913
0.45758232	0.5424177
0.48567212	0.5143278
0.41133893	0.588661
0.64135754	0.35864243
0.6341993	0.36580065
0.84354687	0.15645315
0.95000976	0.049990192
0.057026878	0.94297314
0.024852557	0.9751474
0.5575381	0.44246188
0.86251706	0.13748291
0.81474024	0.18525971
0.47839022	0.5216098
0.6132071	0.3867929
0.08349138	0.9165086
0.268275	0.731725
0.1016461	0.89835393
0.066946566	0.9330535
0.82150364	0.1784963
0.31580108	0.68419886
0.014120628	0.98587936
0.018437438	0.9815625
0.86012787	0.13987213
0.46621108	0.5337889
0.1017017	0.8982983
0.5042791	0.49572092
0.09753259	0.9024674
0.4778425	0.5221575
0.73315036	0.2668497
0.44045	0.55955
0.8310521	0.16894782
0.7569061	0.24309386
0.78332984	0.21667016
0.39045686	0.60954314
0.77916884	0.22083117
0.8726229	0.1273771
0.68164766	0.31835234
0.836252	0.16374809
0.5537026	0.4462974
0.65011173	0.3498883
0.81079954	0.18920045
0.63949865	0.36050132
0.9901557	0.009844305
0.9494941	0.05050589
0.6513046	0.34869534
0.97431517	0.025684832
0.91268975	0.08731021
0.57571346	0.42428657
0.92270154	0.07729851
0.982258	0.01774205
0.5178807	0.48211932
0.029883403	0.9701166
0.57469267	0.4253074
0.94283015	0.057169847
0.05614385	0.9438561
0.084797636	0.9152024
0.86642975	0.13357028
0.60873866	0.39126134
0.51003283	0.4899672
0.042669185	0.95733076
0.043884378	0.95611566
0.7643536	0.23564643
0.8368105	0.16318946
0.02100891	0.97899115
0.016028952	0.98397106
0.14629139	0.85370857
0.704852	0.29514802
0.56448203	0.435518
0.4007702	0.5992299
0.01393579	0.9860642
0.008747997	0.991252
0.24131265	0.7586874
0.009514133	0.99048585
0.14515236	0.85484767
0.026915712	0.9730843
0.8808259	0.119174086
0.10774741	0.89225256
0.07620327	0.9237967
0.019684367	0.9803156
0.9786726	0.021327445
0.9870919	0.012908078
0.9928629	0.0071371817
0.0076466296	0.9923534
0.9859714	0.014028654
0.9865246	0.013475411
0.47795987	0.52204007
0.02735009	0.9726499
0.99181014	0.00818983
0.017010935	0.98298913
0.4957027	0.50429726
0.18330619	0.8166938
0.09344203	0.90655804
0.94382	0.05617996
0.0028517193	0.99714833
0.018067589	0.9819324
0.09306262	0.9069374
0.97779864	0.022201322
0.01653562	0.98346436
0.98989606	0.010103947
0.015423638	0.98457634
0.60118425	0.39881572
0.7568485	0.24315149
0.82526565	0.17473438
0.25939977	0.74060017
0.752396	0.24760404
0.010263094	0.98973686
0.005757604	0.99424237
0.018528067	0.9814719
0.054213192	0.94578683
0.15622906	0.843771
0.3029599	0.69704014
0.020315435	0.9796846
0.021837208	0.9781628
0.031238008	0.968762
0.027454454	0.97254556
0.035408694	0.9645913
0.009423582	0.9905764
0.15665537	0.8433446
0.26805812	0.7319419
0.87163687	0.12836312
0.6243471	0.37565288
0.09872678	0.90127325
0.3815964	0.6184036
0.29220283	0.70779717
0.71938	0.28061995
0.27603123	0.7239688
0.7123098	0.28769025
0.060631823	0.93936825
0.574703	0.42529705
0.538721	0.461279
0.11423699	0.885763
0.38664293	0.6133571
0.1850019	0.81499815
0.9565944	0.043405533
0.86729854	0.13270141
0.27823982	0.7217602
0.05437675	0.9456233
0.065443	0.934557
0.14085098	0.859149
0.18679073	0.81320924
0.38697612	0.6130239
0.21358894	0.7864111
0.14823672	0.8517633
0.92082125	0.07917871
0.010771395	0.9892286
0.99521166	0.004788425
0.78271383	0.21728614
0.23477876	0.76522124
0.03273605	0.96726394
0.0054570977	0.99454284
0.008601621	0.99139833
0.03607941	0.96392065
0.012373116	0.98762685
0.0034821646	0.9965178
0.0060458486	0.9939541
0.00806169	0.9919383
0.9735388	0.026461149
0.34524018	0.6547599
0.9876138	0.012386135
0.74857503	0.25142503
0.9907136	0.009286385
0.82426393	0.17573608
0.9920174	0.007982581
0.115065865	0.88493407
0.0063264207	0.99367356
0.00819843	0.99180156
0.08778059	0.9122194
0.060680356	0.9393196
0.88169366	0.11830631
0.0059503727	0.99404967
0.57469267	0.4253074
0.94283015	0.057169847
0.05614385	0.9438561
0.076048054	0.923952
0.024005203	0.9759948
0.23660447	0.76339555
0.30481902	0.69518095
0.14233942	0.85766053
0.02590898	0.97409105
0.10911512	0.89088494
0.022973238	0.97702676
0.17370148	0.8262985
0.056328963	0.94367105
0.3127075	0.68729246
0.45627242	0.54372764
0.43538424	0.5646157
0.23540126	0.76459867
0.14861134	0.85138863
0.012916508	0.98708355
0.7005249	0.2994751
0.29410678	0.70589316
0.20861444	0.7913856
0.6086749	0.39132512
0.87993115	0.12006881
0.12327182	0.8767282
0.3003658	0.6996342
0.45663047	0.5433696
0.026232207	0.97376776
0.15252443	0.8474756
0.20167764	0.7983223
0.006551109	0.9934489
0.31711763	0.6828824
0.030515784	0.96948427
0.41873297	0.581267
0.019192824	0.9808071
0.6453188	0.35468122
0.40248403	0.597516
0.017628435	0.9823715
0.091930464	0.9080695
0.013163065	0.9868369
0.03990356	0.9600964
0.116455145	0.88354486
0.3537717	0.6462283
0.11748109	0.88251895
0.06996058	0.93003947
0.91626304	0.08373693
0.21092224	0.7890777
0.07162036	0.9283796
0.09281872	0.90718126
0.03059497	0.96940506
0.39337498	0.6066251
0.5476961	0.4523039
0.042128287	0.9578717
0.008400572	0.99159944
0.57469267	0.4253074
0.94283015	0.057169847
0.05614385	0.9438561
0.076048054	0.923952
0.88237643	0.117623545
0.9814472	0.018552752
0.2853919	0.7146081
0.9824874	0.017512608
0.98367184	0.016328178
0.99173754	0.008262434
0.99548256	0.004517478
0.91934556	0.0806545
0.987571	0.012428958
0.40848687	0.59151316
0.9474741	0.05252585
0.99171585	0.008284144
0.6677904	0.33220956
0.9346974	0.065302625
0.92749584	0.07250419
0.90486336	0.09513662
0.98754233	0.012457729
0.9526121	0.04738786
0.9426452	0.057354838
0.9759846	0.024015412
0.22253312	0.7774669
0.64320797	0.35679206
0.9843098	0.015690174
0.14897285	0.8510272
0.95199263	0.048007324
0.6812261	0.31877393
0.073019944	0.9269801
0.9387834	0.06121654
0.7756907	0.22430936
0.57691133	0.42308864
0.90599513	0.0940049
0.84687364	0.15312636
0.8221063	0.17789374
0.6612209	0.33877915
0.88566315	0.11433685
0.99395955	0.0060404697
0.56559235	0.43440765
0.9480663	0.051933732
0.8818707	0.118129306
0.8765429	0.12345708
0.70874137	0.29125863
0.8704216	0.12957835
0.9820817	0.017918352
0.27787283	0.7221272
0.8245012	0.17549881
0.49261954	0.5073805
0.8730228	0.12697725
0.37854624	0.62145376
0.9620441	0.037955947
0.9795498	0.020450216
0.9883193	0.011680672
0.9839431	0.016056871
0.7406614	0.25933862
0.9476318	0.052368216
0.9511398	0.048860148
0.9885886	0.011411414
0.98817885	0.011821071
0.96634877	0.03365126
0.9912124	0.008787531
0.9755545	0.024445435
0.9800044	0.019995647
0.9768862	0.023113811
0.9432145	0.056785505
0.88181746	0.11818255
0.38486257	0.6151374
0.6752019	0.3247981
0.56922656	0.43077338
0.68281424	0.31718576
0.97097677	0.029023243
0.97964805	0.020351863
0.9806316	0.019368444
0.9721567	0.0278433
0.94211066	0.057889313
0.99425924	0.0057408083
0.98526114	0.014738802
0.9749663	0.025033737
0.91255164	0.087448336
0.4633744	0.5366256
0.7444342	0.25556585
0.9016908	0.09830919
0.6811937	0.3188063
0.15409145	0.8459086
0.80396056	0.19603942
0.21469845	0.7853015
0.041034345	0.9589657
0.85807014	0.14192985
0.53457296	0.46542704
0.29388723	0.70611274
0.82498115	0.17501889
0.055334974	0.94466496
0.8179028	0.18209723
0.5167833	0.48321676
0.63058996	0.3694101
0.666343	0.333657
0.88487613	0.1151239
0.6075678	0.39243218
0.89094526	0.10905468
0.216478	0.78352195
0.7182506	0.28174946
0.5715492	0.42845082
0.85581315	0.14418687
0.12246539	0.8775346
0.21272042	0.7872796
0.49280894	0.5071911
0.5559922	0.44400775
0.49069428	0.5093057
0.1359496	0.8640504
0.99576294	0.0042370018
0.9957184	0.0042816247
0.99425936	0.0057406123
0.9084467	0.09155324
0.54538804	0.454612
0.986751	0.013248984
0.8894271	0.11057288
0.9963649	0.0036351837
0.9910671	0.008932845
0.99280703	0.00719296
0.9768937	0.023106262
0.9938022	0.006197728
0.99059874	0.00940125
0.9927799	0.0072200513
0.9804796	0.019520398
0.99086	0.009140016
0.99006397	0.009936014
0.87393576	0.12606423
0.99223375	0.0077662854
0.9954852	0.004514809
0.9897008	0.0102991965
0.7332138	0.2667862
0.9593798	0.04062016
0.9963405	0.0036595212
0.99390996	0.006090015
0.861003	0.138997
0.996772	0.003228043
0.9971065	0.0028934951
0.9490735	0.050926574
0.99624383	0.0037561627
0.9958062	0.00419373
0.9911975	0.008802468
0.9557565	0.044243447
0.99473816	0.005261896
0.1045636	0.89543635
0.05203825	0.9479617
0.99549943	0.004500522
0.98638946	0.013610518
0.5332868	0.46671322
0.94512063	0.054879423
0.6399873	0.36001265
0.99102485	0.008975111
0.9965406	0.0034594235
0.9954437	0.004556265
0.98843175	0.011568226
0.0594371	0.9405629
0.7169699	0.28303012
0.3139636	0.68603647
0.87053657	0.12946346
0.3888423	0.6111577
0.042289216	0.9577108
0.056458853	0.9435411
0.91269696	0.08730299
0.07158039	0.9284196
0.7954122	0.20458774
0.37267318	0.62732685
0.044349797	0.95565027
0.3541236	0.6458764
0.43088055	0.56911945
0.55137384	0.44862613
0.69324493	0.3067551
0.4538665	0.54613346
0.61491966	0.38508034
0.53898233	0.46101767
0.7951722	0.20482777
0.33504358	0.6649564
0.19166245	0.80833757
0.9831149	0.016885094
0.8856389	0.11436109
0.9243777	0.075622305
0.7154616	0.28453836
0.8324283	0.16757171
0.65878534	0.3412147
0.652019	0.34798104
0.954754	0.045246046
0.7514919	0.2485081
0.11390667	0.8860933
0.161969	0.838031
0.98648584	0.013514159
0.94680476	0.053195257
0.99173707	0.0082629705
0.9857802	0.014219852
0.43048254	0.56951743
0.5802717	0.41972828
0.9932789	0.006721027
0.966658	0.033342026
0.40811545	0.59188455
0.13354458	0.86645544
0.63199025	0.36800975
0.9719642	0.028035767
0.96851593	0.03148411
0.9909519	0.00904816
0.97488254	0.025117405
0.98326343	0.016736532
0.46067825	0.5393218
0.751868	0.24813195
0.58356035	0.41643965
0.8305859	0.16941409
0.7067924	0.29320762
0.5212382	0.47876173
0.913843	0.08615698
0.9233562	0.07664375
0.6078947	0.3921053
0.85272217	0.14727782
0.44120413	0.55879587
0.8695519	0.1304481
0.5953014	0.4046986
0.7206041	0.27939585
0.22561629	0.7743837
0.38196748	0.6180325
0.05924042	0.94075954
0.4200623	0.5799377
0.33427575	0.6657243
0.4612515	0.5387485
0.6828714	0.3171286
0.4786531	0.52134687
0.8262385	0.1737615
0.4368886	0.56311136
0.34785274	0.65214723
0.44205043	0.5579496
0.22803958	0.7719604
0.44914123	0.5508588
0.8743031	0.1256969
0.37119752	0.6288024
0.8946109	0.10538906
0.23108356	0.7689165
0.90691084	0.09308912
0.8830008	0.11699927
0.54624325	0.4537568
0.94185174	0.05814826
0.75486106	0.24513893
0.14263314	0.8573669
0.1341427	0.8658573
0.4539717	0.5460283
0.6845481	0.31545192
0.9235102	0.07648981
0.7940416	0.20595838
0.9611933	0.038806703
0.68306893	0.31693107
0.6786689	0.32133105
0.89688736	0.10311266
0.7087268	0.29127324
0.2188528	0.7811471
0.58702725	0.41297275
0.6797114	0.32028857
0.17759328	0.82240677
0.9565644	0.043435603
0.9836565	0.016343486
0.8629914	0.13700862
0.7733421	0.2266579
0.9725179	0.027482102
0.80756927	0.19243076
0.16157742	0.83842254
0.3100975	0.6899025
0.22191775	0.77808225
0.055997714	0.9440023
0.97427225	0.02572768
0.40465376	0.5953462
0.41066483	0.58933514
0.90623784	0.09376212
0.8203149	0.17968516
0.048227433	0.9517725
0.80520135	0.19479863
0.55601275	0.44398725
0.01228174	0.9877182
0.06271399	0.9372861
0.3166517	0.6833483
0.049222115	0.9507779
0.18227744	0.8177226
0.22109121	0.7789088
0.2161087	0.78389126
0.02860492	0.97139513
0.015354719	0.9846453
0.30534697	0.69465303
0.36174694	0.6382531
0.34827226	0.65172774
0.008649336	0.99135065
0.7854677	0.21453236
0.98676133	0.013238722
0.30240014	0.6975999
0.2087352	0.7912648
0.4381155	0.5618845
0.039071973	0.9609281
0.41580677	0.5841932
0.28586936	0.7141306
0.23294058	0.76705945
0.4232289	0.57677114
0.31576046	0.6842395
0.22431093	0.77568907
0.33692715	0.6630729
0.7732411	0.22675896
0.69916356	0.30083638
0.2268207	0.7731793
0.57744586	0.4225541
0.10338415	0.89661586
0.11647593	0.8835241
0.8520552	0.14794478
0.21504489	0.7849551
0.4434466	0.55655336
0.09095309	0.9090468
0.83420163	0.16579835
0.8120288	0.18797119
0.31769893	0.6823011
0.36361015	0.63638985
0.657884	0.34211594
0.43343848	0.5665616
0.15481898	0.845181
0.7348128	0.26518723
0.027706293	0.97229373
0.013882736	0.9861173
0.6847197	0.31528032
0.63798344	0.36201653
0.15328224	0.8467178
0.060584307	0.9394157
0.19858027	0.80141973
0.18992054	0.8100795
0.06665401	0.93334603
0.14158443	0.8584156
0.4499752	0.5500248
0.9760919	0.023908084
0.98553294	0.01446708
0.9891817	0.0108183315
0.96144724	0.03855281
0.99267983	0.007320158
0.98181677	0.018183243
0.9851326	0.014867441
0.9768952	0.023104746
0.9952957	0.0047043203
0.99344456	0.006555405
0.9820003	0.017999742
0.9552908	0.04470921
0.9167505	0.08324948
0.9823292	0.017670799
0.96071094	0.039289095
0.99206585	0.007934146
0.9819146	0.018085456
0.99405766	0.005942348
0.9648398	0.03516012
0.8906305	0.10936953
0.9893544	0.010645693
0.98482484	0.015175211
0.9934442	0.006555753
0.99089515	0.0091048395
0.98875564	0.011244311
0.99557745	0.0044225184
0.9699472	0.030052805
0.99221635	0.0077836774
0.99329937	0.006700558
0.9932609	0.006739082
0.9674791	0.03252091
0.9899155	0.010084487
0.9858385	0.014161483
0.9253202	0.07467978
0.9858754	0.014124618
0.6768509	0.32314906
0.8837706	0.11622945
0.869668	0.13033202
0.8024222	0.19757773
0.18091632	0.8190837
0.7594526	0.24054743
0.18470275	0.81529725
0.63259643	0.36740354
0.9308013	0.06919879
0.7348037	0.26519632
0.70238614	0.2976139
0.44803742	0.55196255
0.78008443	0.2199156
0.6910604	0.30893952
0.012562109	0.9874379
0.016001914	0.98399806
0.58568096	0.414319
0.3992859	0.6007141
0.87305015	0.12694989
0.896346	0.103654
0.83194286	0.16805714
0.3261423	0.6738577
0.40858412	0.5914159
0.35486236	0.6451376
0.23528841	0.7647116
0.09667822	0.90332174
0.61413467	0.38586536
0.36056405	0.63943595
0.47828493	0.52171504
0.2537067	0.74629325
0.7075506	0.29244936
0.44266242	0.5573376
0.09281031	0.90718967
0.15378867	0.8462113
0.37848544	0.62151456
0.54239076	0.4576092
0.7926939	0.20730612
0.7979578	0.20204222
0.9524634	0.04753659
0.70278686	0.29721314
0.61464345	0.38535652
0.9329577	0.06704226
0.9667917	0.033208247
0.8430552	0.15694478
0.95000976	0.049990192
0.83469784	0.16530214
0.33041334	0.6695866
0.5539154	0.44608462
0.9595387	0.04046132
0.92652434	0.07347568
0.43243384	0.56756616
0.8662988	0.13370115
0.62209177	0.37790826
0.29888138	0.7011186
0.6901595	0.3098405
0.9880553	0.011944756
0.8099576	0.19004233
0.9845547	0.015445321
0.17552148	0.8244785
0.14624538	0.85375464
0.24181232	0.75818765
0.010034732	0.98996526
0.46102268	0.5389774
0.44179925	0.5582008
0.44431698	0.5556831
0.94140184	0.0585981
0.6790515	0.32094845
0.8549549	0.1450451
0.91882765	0.081172384
0.087746695	0.9122533
0.9495221	0.050477955
0.70210254	0.29789746
0.7034919	0.2965081
0.5952394	0.40476063
0.85799825	0.14200176
0.6077721	0.39222786
0.7710709	0.22892915
0.955993	0.044007044
0.4062603	0.5937396
0.041298833	0.95870113
0.8113136	0.18868637
0.26502708	0.73497295
0.7468446	0.25315535
0.70045984	0.2995402
0.6193387	0.38066137
0.56814444	0.4318556
0.8625939	0.13740617
0.95000976	0.049990192
0.20967625	0.7903238
0.010632027	0.989368
0.18150489	0.8184951
0.42088154	0.5791185
0.40408397	0.595916
0.5636715	0.43632847
0.81741875	0.18258123
0.14719507	0.8528049
0.8532993	0.1467007
0.80834574	0.19165426
0.8526822	0.14731786
0.13510226	0.8648978
0.1010145	0.8989855
0.8209086	0.1790914
0.28637275	0.7136273
0.061906185	0.9380938
0.16314475	0.8368553
0.5752741	0.4247259
0.67884237	0.32115763
0.10268097	0.8973191
0.32055205	0.6794479
0.44989988	0.5501001
0.30017564	0.6998244
0.6704032	0.32959682
0.4622521	0.5377479
0.15738149	0.8426185
0.12519965	0.8748004
0.19473597	0.80526406
0.68371713	0.3162829
0.89185977	0.10814024
0.17726909	0.8227309
0.41323608	0.5867639
0.007653946	0.99234605
0.872399	0.12760107
0.22998287	0.7700171
0.8410711	0.15892883
0.84631974	0.15368019
0.95000976	0.049990192
0.7376493	0.26235068
0.64325166	0.35674837
0.40353924	0.59646076
0.68544877	0.3145512
0.891538	0.10846194
0.7510088	0.24899115
0.73570484	0.26429516
0.50129	0.49870998
0.90283644	0.09716361
0.5760746	0.42392537
0.86776763	0.1322324
0.76366127	0.2363388
0.28571507	0.71428496
0.25201273	0.7479872
0.11330614	0.88669384
0.45555314	0.5444469
0.7828784	0.21712154
0.8549637	0.14503631
0.0653618	0.9346382
0.58579093	0.41420907
0.90412456	0.09587542
0.31056836	0.68943167
0.6757868	0.3242132
0.80657554	0.19342452
0.14890684	0.8510931
0.026545996	0.97345394
0.9008707	0.09912933
0.36200425	0.6379957
0.93998694	0.060013067
0.8662447	0.13375528
0.654028	0.34597203
0.9596742	0.040325873
0.12395774	0.8760423
0.08867903	0.9113209
0.70000947	0.2999905
0.12517557	0.87482446
0.20148994	0.7985101
0.8126843	0.18731572
0.685692	0.31430796
0.25722057	0.74277943
0.02371612	0.9762839
0.75364685	0.2463532
0.71937925	0.28062072
0.75707895	0.24292108
0.79144317	0.20855688
0.56625915	0.43374082
0.20253937	0.7974606
0.19422275	0.80577725
0.8136276	0.18637238
0.6110327	0.38896728
0.75870454	0.24129546
0.6631857	0.33681434
0.64847153	0.3515285
0.3428478	0.6571522
0.4813848	0.5186152
0.44793808	0.5520619
0.83511233	0.16488774
0.51269233	0.48730767
0.5608258	0.43917418
0.52332574	0.47667423
0.94169325	0.05830679
0.79573727	0.20426275
0.99452496	0.005475038
0.9958776	0.004122383
0.14526509	0.85473496
0.9773032	0.022696795
0.98970604	0.0102939
0.9685097	0.031490363
0.9929161	0.007083887
0.9777608	0.02223913
0.8760083	0.123991676
0.9106855	0.08931449
0.9948304	0.0051696342
0.4329653	0.56703466
0.99479985	0.005200201
0.9697323	0.030267756
0.98729044	0.012709519
0.99081707	0.0091829365
0.9934105	0.00658951
0.9629103	0.037089676
0.9060651	0.093934886
0.9921484	0.007851629
0.9624098	0.037590206
0.9677536	0.03224637
0.6673681	0.33263186
0.9961027	0.003897269
0.9961349	0.003865179
0.99103594	0.008964045
0.66327244	0.33672762
0.993669	0.0063310633
0.98948765	0.010512372
0.990594	0.009405949
0.99362755	0.0063724774
0.99040014	0.009599854
0.99337053	0.0066293953
0.9934691	0.006530838
0.7992698	0.20073017
0.9962321	0.0037679207
0.98773617	0.012263886
0.99641305	0.003586972
0.99580103	0.004199023
0.99181306	0.008186957
0.15395151	0.8460485
0.9694781	0.03052193
0.9856639	0.014336141
0.98591554	0.014084529
0.8988317	0.10116829
0.99628395	0.0037160194
0.994787	0.005213044
0.8599855	0.14001448
0.9528058	0.0471942
0.9961649	0.0038351389
0.83017147	0.16982849
0.5143419	0.4856581
0.11702336	0.8829766
0.8710543	0.12894575
0.649491	0.350509
0.7130571	0.2869429
0.38137224	0.6186278
0.64737433	0.35262567
0.68229353	0.3177065
0.7751971	0.22480293
0.3738676	0.6261324
0.26235238	0.7376476
0.8114146	0.1885854
0.5449043	0.45509568
0.48376408	0.5162359
0.56294626	0.43705374
0.76591074	0.23408933
0.43429446	0.5657055
0.79877186	0.2012281
0.40516144	0.59483856
0.8434517	0.15654825
0.74151856	0.25848144
0.8118402	0.18815985
0.5925678	0.4074322
0.5586106	0.44138932
0.08878683	0.9112131
0.22348976	0.7765103
0.13244377	0.8675563
0.73463213	0.26536787
0.7367485	0.26325154
0.833709	0.16629103
0.50571096	0.49428904
0.6395705	0.36042947
0.62625843	0.37374154
0.82649183	0.17350817
0.12856998	0.87143
0.80021936	0.19978063
0.29015738	0.7098426
0.3742494	0.62575054
0.66524404	0.33475596
0.22462356	0.7753764
0.3345549	0.6654451
0.70160633	0.29839367
0.6548717	0.3451283
0.30457434	0.6954256
0.73952484	0.2604752
0.34722453	0.65277547
0.8588814	0.14111857
0.16588521	0.8341148
0.3054938	0.69450617
0.5292675	0.47073248
0.528469	0.47153094
0.36430702	0.63569295
0.21025017	0.7897498
0.4396134	0.5603866
0.3952485	0.6047515
0.49365878	0.5063412
0.01957109	0.98042893
0.008242531	0.99175745
0.032436047	0.9675639
0.681054	0.318946
0.11862644	0.8813736
0.022560153	0.9774399
0.10934289	0.8906571
0.21014579	0.7898542
0.69275236	0.3072477
0.67372817	0.3262718
0.98878026	0.011219723
0.010004131	0.98999584
0.46832412	0.5316759
0.40077323	0.5992268
0.73068976	0.26931027
0.74501455	0.25498548
0.7831835	0.21681646
0.26265183	0.73734814
0.50366807	0.49633193
0.3384619	0.66153806
0.87780166	0.12219835
0.34601557	0.65398437
0.6871462	0.31285378
0.044502433	0.9554975
0.5529259	0.44707415
0.058313534	0.94168645
0.12108997	0.87891
0.50968534	0.49031466
0.016112419	0.9838876
0.57469267	0.4253074
0.94283015	0.057169847
0.05614385	0.9438561
0.076048054	0.923952
0.047047123	0.9529529
0.034786303	0.9652138
0.04565838	0.9543416
0.6734324	0.32656765
0.009860637	0.99013937
0.27041864	0.72958136
0.71739376	0.2826062
0.043732774	0.9562672
0.31992522	0.68007475
0.49198022	0.50801975
0.94036216	0.059637766
0.29213706	0.7078629
0.63788784	0.3621121
0.18172392	0.8182761
0.8781914	0.12180863
0.54914427	0.4508557
0.93756723	0.062432766
0.83877385	0.16122621
0.9600488	0.039951157
0.7097062	0.29029384
0.8899472	0.110052854
0.8581769	0.14182305
0.5793256	0.4206744
0.60159355	0.39840645
0.8073376	0.19266242
0.89437646	0.10562354
0.46224058	0.5377594
0.25144988	0.7485501
0.97126716	0.028732881
0.2988037	0.7011963
0.7770155	0.22298448
0.27235916	0.7276408
0.3188229	0.6811771
0.7594527	0.24054722
0.7714974	0.2285026
0.9932777	0.0067222314
0.017265448	0.9827345
0.4484414	0.5515586
0.7750342	0.22496583
0.6790285	0.32097152
0.18470895	0.81529105
0.0913403	0.9086597
0.78849995	0.21150002
0.5282087	0.4717913
0.508074	0.491926
0.81188595	0.18811406
0.26166207	0.73833793
0.94869053	0.051309485
0.8426114	0.15738866
0.8172809	0.18271907
0.7930984	0.20690165
0.69466716	0.30533287
0.8540485	0.1459515
0.95000976	0.049990192
0.3996885	0.60031146
0.818028	0.18197204
0.60475326	0.39524674
0.48836848	0.5116315
0.63921034	0.3607897
0.31350797	0.68649197
0.6290432	0.3709568
0.020074155	0.9799258
0.6296448	0.3703552
0.15475346	0.84524655
0.017293498	0.98270655
0.17086565	0.8291344
0.5176833	0.48231664
0.5702405	0.4297595
0.79493743	0.20506257
0.5237973	0.47620273
0.41230455	0.5876955
0.8559098	0.14409013
0.27097484	0.7290251
0.5964893	0.40351066
0.18423899	0.81576097
0.71559566	0.28440434
0.51630265	0.48369732
0.5668755	0.43312448
0.112019934	0.88798004
0.17207727	0.82792276
0.7222284	0.27777153
0.6989968	0.3010032
0.26758164	0.7324183
0.2878858	0.7121142
0.47018906	0.52981097
0.48021924	0.5197807
0.45393094	0.5460691
0.9899873	0.010012701
0.9526661	0.04733385
0.36871982	0.6312802
0.94423944	0.05576058
0.09672541	0.9032746
0.20204723	0.7979528
0.41485262	0.58514744
0.52379274	0.47620723
0.5294148	0.47058526
0.95661163	0.043388285
0.9698982	0.030101813
0.97232664	0.027673423
0.47905535	0.52094465
0.30699652	0.6930035
0.24530604	0.754694
0.91178906	0.088210985
0.018058868	0.9819411
0.75902426	0.24097575
0.9518809	0.048119187
0.9930796	0.0069204033
0.9893076	0.010692446
0.980731	0.01926901
0.9790187	0.020981347
0.5929215	0.40707853
0.5741556	0.4258444
0.99276227	0.007237737
0.96578604	0.034213904
0.9837177	0.016282378
0.8678819	0.13211809
0.87927204	0.12072794
0.9569064	0.043093555
0.95940495	0.040595025
0.25802338	0.7419766
0.98540026	0.014599705
0.97656244	0.02343752
0.9769975	0.023002513
0.9612809	0.038719147
0.01948629	0.98051375
0.9817001	0.01829982
0.19436173	0.8056383
0.18609026	0.81390977
0.66472363	0.3352764
0.913843	0.08615698
0.9233562	0.07664375
0.519317	0.480683
0.603607	0.39639294
0.14337516	0.8566249
0.28847706	0.71152294
0.7654644	0.23453565
0.64975744	0.35024258
0.93137336	0.06862665
0.9414471	0.05855294
0.97976696	0.020233031
0.37628984	0.62371016
0.9822174	0.017782656
0.9419323	0.058067687
0.38833934	0.61166066
0.68994635	0.31005365
0.8517672	0.14823276
0.9448797	0.055120334
0.40802547	0.5919745
0.9598019	0.040198073
0.2767289	0.7232711
0.50165725	0.49834272
0.92255193	0.07744802
0.31506664	0.68493336
0.0733334	0.9266666
0.95615906	0.04384093
0.4036804	0.5963196
0.1424084	0.8575916
0.23251212	0.7674879
0.21159388	0.78840613
0.6041535	0.3958465
0.44229946	0.5577005
0.96677655	0.033223424
0.07793176	0.92206824
0.16511865	0.83488137
0.2293131	0.7706869
0.16338925	0.83661073
0.6530622	0.3469378
0.38933802	0.61066204
0.71132445	0.28867558
0.7815491	0.21845092
0.7952181	0.20478186
0.99228877	0.007711152
0.9685652	0.031434752
0.6415819	0.3584181
0.66372406	0.3362759
0.5643005	0.43569952
0.6280613	0.37193874
0.5995774	0.40042257
0.7469867	0.25301337
0.60644823	0.39355177
0.781726	0.21827401
0.59693384	0.40306616
0.45084685	0.54915315
0.36885136	0.63114864
0.2743914	0.7256086
0.92704463	0.07295533
0.64455897	0.35544103
0.95061433	0.049385678
0.8856191	0.11438094
0.6885831	0.3114169
0.81104434	0.18895565
0.43685687	0.56314313
0.98000926	0.019990748
0.82550806	0.17449199
0.6833669	0.3166331
0.61602795	0.38397208
0.89579177	0.10420822
0.27001783	0.72998214
0.8266733	0.17332669
0.8986846	0.10131533
0.4207539	0.57924604
0.5946561	0.40534392
0.025610927	0.9743891
0.45524547	0.5447545
0.57928026	0.42071977
0.9525453	0.047454737
0.8121974	0.18780255
0.74111825	0.2588817
0.38142908	0.6185709
0.96265674	0.0373433
0.95812833	0.041871678
0.9883355	0.011664504
0.9666732	0.03332682
0.8063847	0.1936153
0.9904559	0.009544107
0.48536068	0.5146394
0.9483323	0.051667705
0.11330938	0.88669056
0.49568167	0.5043183
0.584417	0.41558304
0.2731663	0.7268337
0.93516356	0.064836465
0.3001353	0.6998647
0.7074058	0.29259422
0.9696768	0.030323157
0.41231254	0.5876875
0.9018698	0.098130226
0.8875726	0.11242747
0.7656749	0.23432507
0.25769794	0.74230206
0.051582515	0.94841754
0.7320281	0.26797187
0.12802006	0.87198
0.2863184	0.71368164
0.15769564	0.8423044
0.6462432	0.3537568
0.17448108	0.8255189
0.99033046	0.009669586
0.94254965	0.057450365
0.9744921	0.025507968
0.9852829	0.0147170955
0.94657767	0.053422373
0.98722595	0.012774092
0.9356927	0.06430723
0.9598172	0.040182885
0.01877849	0.9812215
0.41871524	0.58128476
0.18115982	0.81884015
0.87901556	0.12098448
0.9525964	0.04740356
0.996648	0.0033520258
0.9865404	0.013459675
0.97588634	0.024113664
0.9792981	0.020701833
0.64091706	0.35908294
0.8761851	0.123814836
0.9921291	0.007870978
0.97254986	0.027450109
0.9967849	0.0032150936
0.97792405	0.022075947
0.98409396	0.015906079
0.98487073	0.015129293
0.9952361	0.004763973
0.9707446	0.029255355
0.97736657	0.02263343
0.99566203	0.0043380177
0.98436177	0.015638193
0.9705723	0.029427743
0.6974884	0.30251154
0.58941865	0.41058135
0.99546486	0.0045351326
0.9753956	0.024604423
0.94335574	0.056644246
0.994468	0.005531987
0.9896287	0.010371407
0.99115795	0.008841988
0.9608242	0.039175805
0.99354964	0.0064503634
0.5886592	0.4113408
0.9870701	0.012929994
0.9629898	0.037010185
0.9811788	0.018821122
0.9640039	0.035996076
0.5479006	0.45209944
0.9046994	0.095300615
0.99044365	0.0095563205
0.98530024	0.01469976
0.96751904	0.03248093
0.98746735	0.012532651
0.9595933	0.040406704
0.5837858	0.4162142
0.98745733	0.012542628
0.9916224	0.0083776405
0.60287	0.39713
0.7742684	0.22573161
0.97327733	0.026722718
0.9590701	0.04092998
0.6962619	0.3037381
0.99265254	0.0073474785
0.99033993	0.009660107
0.8339709	0.16602914
0.94159037	0.05840964
0.9535305	0.04646952
0.2222899	0.7777101
0.34401432	0.65598565
0.35292515	0.6470748
0.41693354	0.58306646
0.08746119	0.9125388
0.31346482	0.6865352
0.28705296	0.712947
0.016596416	0.9834036
0.28191882	0.7180811
0.48197356	0.5180264
0.7916875	0.20831256
0.43255708	0.5674429
0.019921428	0.9800786
0.013816386	0.98618364
0.23328312	0.7667169
0.55709404	0.44290596
0.25809237	0.7419076
0.9175381	0.0824619
0.6677302	0.3322698
0.3097376	0.6902624
0.08892234	0.9110776
0.64406896	0.35593098
0.66807336	0.33192667
0.2668333	0.7331667
0.52832013	0.4716799
0.096910216	0.9030898
0.62253934	0.37746066
0.5563184	0.44368163
0.512304	0.48769596
0.08760564	0.9123944
0.06949594	0.9305041
0.21922578	0.7807742
0.7064472	0.29355285
0.04575164	0.9542483
0.036261983	0.963738
0.24302186	0.75697815
0.34147584	0.6585242
0.4018276	0.59817237
0.9625327	0.037467368
0.6581494	0.34185058
0.08319193	0.9168081
0.07930158	0.92069846
0.031469844	0.9685301
0.8633985	0.13660152
0.62171495	0.37828502
0.286663	0.713337
0.3740047	0.62599534
0.87802917	0.12197082
0.8016904	0.1983096
0.85235834	0.1476417
0.9143292	0.08567086
0.27225226	0.72774774
0.56328326	0.4367167
0.38981402	0.610186
0.5383871	0.46161288
0.59433585	0.40566415
0.8350425	0.16495746
0.5762762	0.42372385
0.17103502	0.82896495
0.72984916	0.27015084
0.5300909	0.4699091
0.18918845	0.8108116
0.6413355	0.3586645
0.32747847	0.67252153
0.7153198	0.28468013
0.5346237	0.4653763
0.60647166	0.3935283
0.6708363	0.32916364
0.42281038	0.5771896
0.3037646	0.69623536
0.79992664	0.2000734
0.4450771	0.5549229
0.016910363	0.9830897
0.56014997	0.43984997
0.6003905	0.3996095
0.7288343	0.27116567
0.8182933	0.18170677
0.6634698	0.33653027
0.36452794	0.635472
0.407476	0.59252405
0.3369053	0.6630947
0.46218938	0.5378106
0.20868902	0.7913109
0.22525094	0.7747491
0.2229523	0.7770477
0.8623259	0.1376741
0.26956296	0.73043704
0.66479933	0.33520073
0.1036783	0.89632165
0.95619166	0.04380836
0.9347498	0.06525026
0.92294514	0.07705482
0.78332573	0.21667425
0.9138429	0.08615706
0.8244232	0.1755768
0.9511306	0.04886937
0.6282621	0.37173796
0.70299757	0.2970024
0.9949886	0.0050113495
0.9890843	0.010915631
0.9939322	0.006067754
0.38077888	0.6192211
0.98529786	0.014702169
0.9151415	0.08485852
0.9834831	0.01651691
0.9382633	0.061736718
0.92662424	0.07337576
0.87237954	0.12762041
0.95902246	0.040977463
0.99435353	0.0056464523
0.9941882	0.0058118375
0.67331594	0.32668406
0.99617034	0.0038296136
0.99636567	0.0036342714
0.009128867	0.99087113
0.9929844	0.0070156544
0.99549687	0.0045030904
0.9859185	0.014081517
0.97146624	0.028533738
0.814098	0.18590201
0.71145755	0.28854242
0.9817123	0.018287642
0.9852347	0.014765333
0.9575268	0.04247318
0.8736045	0.1263955
0.78149647	0.21850356
0.9875914	0.012408617
0.99600035	0.003999598
0.9861995	0.013800483
0.98506576	0.0149342995
0.99696654	0.003033474
0.99456453	0.005435448
0.96155393	0.038446058
0.995242	0.0047580604
0.98425114	0.01574885
0.9112475	0.08875255
0.9963889	0.0036111185
0.86701614	0.13298386
0.15934664	0.8406533
0.33161244	0.66838753
0.49756524	0.50243473
0.19079833	0.8092016
0.19269678	0.80730325
0.49817047	0.5018295
0.28302708	0.71697295
0.71049875	0.28950122
0.6022104	0.3977896
0.6922077	0.30779234
0.29804638	0.7019536
0.4290392	0.57096076
0.9802177	0.01978226
0.14309129	0.8569087
0.21999064	0.7800093
0.09478021	0.90521973
0.04878089	0.9512191
0.0452399	0.9547601
0.7225275	0.27747253
0.47198874	0.52801126
0.036069784	0.96393025
0.8128102	0.18718983
0.18517956	0.8148204
0.2907632	0.7092368
0.17952146	0.82047856
0.09254848	0.9074515
0.6567044	0.3432956
0.17196174	0.8280383
0.85332155	0.14667845
0.5666429	0.43335718
0.76586455	0.23413539
0.74127525	0.25872475
0.8824671	0.117532924
0.9952062	0.0047937925
0.9927532	0.0072468086
0.7560412	0.24395876
0.99656576	0.0034343074
0.9907707	0.009229222
0.9893343	0.010665752
0.9502055	0.049794443
0.99553525	0.004464746
0.9638675	0.036132485
0.9846187	0.015381206
0.96697974	0.033020232
0.98694706	0.013052927
0.87784284	0.12215721
0.9456386	0.05436137
0.9926044	0.0073955823
0.989847	0.010152939
0.9603107	0.03968926
0.7709825	0.2290175
0.93933916	0.060660776
0.73874974	0.26125032
0.9188668	0.08113318
0.99202514	0.00797491
0.8824671	0.117532924
0.027966997	0.972033
0.82389736	0.17610268
0.17359765	0.82640237
0.22141935	0.77858067
0.5990033	0.40099666
0.92769873	0.07230125
0.9352015	0.06479847
0.9725629	0.02743708
0.8824671	0.117532924
0.72688544	0.27311456
0.032293163	0.9677068
0.8578034	0.14219658
0.6318255	0.36817446
0.9165889	0.083411135
0.918482	0.081518
0.96170145	0.038298544
0.97514266	0.024857363
0.4019489	0.5980511
0.60472023	0.3952797
0.80996686	0.19003315
0.79824454	0.20175551
0.8381454	0.16185461
0.6436733	0.35632667
0.74052453	0.25947544
0.91965944	0.080340624
0.55568045	0.44431958
0.8307962	0.16920386
