,Biodiversity and Land Use,Carbon Emissions,Climate Change Vulnerability,Electronic Waste,Financing Environmental Impact,Opportunities in Clean Tech,Opportunities in Green Building,Opportunities in Renewable Energy,Packaging Material and Waste,Product Carbon Footprint,Raw Material Sourcing,Toxic Emissions and Waste,Water Stress,Accounting,Board,Business Ethics,Ownership and Control,Pay,Tax Transparency,Access to Communications,Access to Finance,Access to Health Care,Chemical Safety,Community Relations,Controversial Sourcing,Financial Product Safety,Health and Demographic Risk,Health and Safety,Human Capital Development,Labor Management,Opportunities in Nutrition and Health,Privacy and Data Security,Product Safety and Quality,Responsible Investment,Supply Chain Labor Standards
0,0.0080762,0.82237214,0.2447416,0.39788905,0.5143708,0.75573385,0.97851336,0.9919321,0.013163474,0.9225519,0.80908036,0.10387617,0.013717107,0.11971099,0.0021878653,0.002295126,0.03277685,0.047373347,0.017538883,0.23346394,0.35889962,0.0049740053,0.09803316,0.0040054433,0.1567149,0.2885591,0.057870593,0.001691791,0.0007694077,0.0030767063,0.01808013,0.0010877417,0.020498605,0.27331057,0.008224998
1,0.005272811,0.974311,0.1938138,0.870667,0.42255965,0.67863846,0.036827475,0.98385334,0.012052882,0.8356643,0.30862045,0.0918079,0.41372597,0.311617,0.0037769403,0.0026360077,0.04745671,0.06190138,0.018853758,0.3489034,0.5177614,0.005115386,0.103279114,0.00434543,0.16311334,0.28162324,0.123741895,0.001538309,0.0007789321,0.0027644588,0.023056772,0.001517221,0.01823335,0.49686378,0.018642945
2,0.017743528,0.10008219,0.2767063,0.1755614,0.34470445,0.10468245,0.02817186,0.60879564,0.02837286,0.04968059,0.111344494,0.1447535,0.9978709,0.72110814,0.8908945,0.0049733017,0.42262277,0.18868837,0.03414689,0.291006,0.26799458,0.038120266,0.094403826,0.011442116,0.17897831,0.31295592,0.34896615,0.0024030965,0.0021598078,0.0040420527,0.062330283,0.0014568778,0.021687573,0.123804145,0.006370687
3,0.68125474,0.852702,0.5538944,0.52587754,0.40673128,0.2651178,0.5037517,0.12041677,0.71873266,0.33535555,0.37738538,0.6650402,0.07173867,0.8265022,0.85791254,0.9646721,0.7494744,0.18140228,0.4889568,0.47879866,0.35196647,0.8550277,0.40444824,0.072924316,0.42217997,0.27479813,0.67917305,0.7239318,0.25419763,0.3475046,0.5614275,0.2779423,0.86324525,0.23748153,0.1948857
4,0.13571028,0.42566475,0.6081563,0.25969917,0.30829635,0.15341885,0.18618557,0.16297479,0.048273332,0.16152592,0.20782912,0.13502507,0.9984701,0.52948284,0.0066538528,0.006090787,0.5479052,0.08060774,0.023878712,0.33836517,0.26515695,0.01198689,0.09823157,0.008433624,0.2385935,0.30051523,0.61835724,0.0028270197,0.0013577497,0.003198045,0.116206706,0.0011970231,0.028903695,0.15416738,0.024217548
5,0.009203659,0.69559187,0.515825,0.15092678,0.3764991,0.55047584,0.026313202,0.25926474,0.033053655,0.13541913,0.10452306,0.111593105,0.002335038,0.10397874,0.007480684,0.0063176295,0.14989297,0.07661028,0.021723812,0.28375715,0.3098665,0.016931208,0.09819332,0.06737634,0.1831177,0.3691543,0.9162526,0.002095507,0.11721745,0.019586058,0.019814542,0.011517847,0.027625373,0.109227076,0.0093057
6,0.060631387,0.95687246,0.3773032,0.34813184,0.45109516,0.15113655,0.073466584,0.22741012,0.91791654,0.1291137,0.32910845,0.7474041,0.003050437,0.83751774,0.8409757,0.97438973,0.2752842,0.15807387,0.043145064,0.42677316,0.425474,0.23250268,0.47744027,0.026023723,0.23257196,0.27905107,0.40629444,0.1208889,0.9586192,0.1260609,0.6621329,0.69234395,0.58143646,0.16506352,0.40609872
7,0.015151249,0.5173411,0.36639497,0.13034907,0.3834898,0.113467515,0.028533887,0.10559918,0.033138257,0.065198824,0.09576167,0.10990344,0.0035512012,0.645992,0.023729665,0.0066007213,0.11351288,0.10286643,0.03285486,0.27956256,0.26902393,0.064339325,0.084786914,0.024048707,0.2008792,0.321539,0.10392027,0.003091856,0.004919956,0.02487153,0.1460452,0.001328391,0.029958772,0.13839,0.6543092
8,0.025323713,0.36643785,0.23238519,0.111049466,0.45501465,0.11091979,0.022799954,0.10022886,0.031454425,0.04358974,0.11218349,0.09956965,0.0027202673,0.13589892,0.005971433,0.006434419,0.06501277,0.090350606,0.023020484,0.3202768,0.3282944,0.040235385,0.07979675,0.024702618,0.14895017,0.28981182,0.09648064,0.0025036607,0.0040547485,0.036002435,0.06911,0.0012056907,0.02561107,0.11687973,0.9451483
9,0.010095589,0.44856155,0.46670955,0.16450368,0.3547389,0.11834394,0.042748895,0.9467882,0.026086967,0.13436443,0.0853049,0.09708218,0.28919408,0.43215892,0.04557651,0.005544219,0.45595893,0.07068002,0.036884498,0.263378,0.26885852,0.048525505,0.08251728,0.018541345,0.19753733,0.31673896,0.14341865,0.0018618875,0.0011441846,0.0033625208,0.024818012,0.0012079627,0.024993083,0.13866086,0.0052087526
10,0.033747617,0.9812991,0.5697194,0.1673283,0.37731412,0.33188206,0.06955653,0.3247107,0.05334149,0.9169031,0.17028464,0.1475469,0.99876285,0.119481266,0.002826615,0.0025226672,0.18089075,0.05517637,0.026387637,0.25532705,0.2716932,0.006913044,0.19687663,0.015604165,0.6012373,0.33696944,0.085236005,0.0020088474,0.00085385074,0.0033548337,0.020080296,0.0010926677,0.030612048,0.3456268,0.18142837
11,0.1871234,0.8743899,0.6363982,0.20725077,0.32305667,0.56790423,0.10232361,0.39353207,0.022537043,0.8523295,0.13517372,0.10223583,0.99874204,0.13910723,0.004166282,0.0034402707,0.73818254,0.07631174,0.020683218,0.2311984,0.2862072,0.009076434,0.08442478,0.025651451,0.35636,0.3579537,0.13008918,0.0019121432,0.0009161584,0.0028522697,0.023074009,0.0011753243,0.036554664,0.26886395,0.007529015
12,0.9804498,0.95854753,0.64309615,0.15962319,0.3986293,0.12199674,0.0666387,0.21107773,0.03863962,0.9150314,0.22704372,0.14568402,0.9871935,0.12033505,0.00623753,0.017220998,0.25422156,0.074827954,0.20374762,0.32113722,0.31523564,0.009462615,0.12013644,0.052816324,0.50373095,0.3130611,0.16804947,0.0033459873,0.001723786,0.0058283033,0.041995894,0.0012420357,0.023734434,0.15136229,0.019489506
13,0.16767183,0.02451125,0.37493652,0.14427277,0.42287678,0.10412931,0.021596607,0.95224464,0.024843397,0.8584669,0.1598579,0.087817974,0.0037172595,0.124376826,0.0061899624,0.011900194,0.47170144,0.07282539,0.074178204,0.30144292,0.30557513,0.015984714,0.08081945,0.99544585,0.28983894,0.30195725,0.59094167,0.0032698775,0.0013034671,0.0046841875,0.09942473,0.0011994935,0.022400824,0.15593271,0.005542818
14,0.1450071,0.71842486,0.4944178,0.529872,0.32734373,0.6502339,0.1395236,0.9417747,0.039491054,0.9190135,0.64318746,0.1619441,0.9856743,0.66133434,0.007126798,0.008988261,0.7373982,0.44672996,0.09359582,0.31065777,0.25690818,0.8157163,0.15528017,0.986245,0.4886386,0.44111645,0.5795404,0.0031813867,0.0033075965,0.1449224,0.08334877,0.0046278248,0.029303195,0.28719738,0.05295123
15,0.008688104,0.9662199,0.46662486,0.26134843,0.4194251,0.14755473,0.030799624,0.42520738,0.39632753,0.14488338,0.23159863,0.23290175,0.9986467,0.10790087,0.00661199,0.0059790323,0.52827626,0.072651535,0.022670463,0.29262725,0.37428412,0.041665826,0.38411084,0.0068754856,0.16508844,0.29590937,0.3058756,0.001862939,0.0009623157,0.0032776324,0.027118368,0.0011951136,0.016246704,0.16592883,0.0064760074
16,0.63699275,0.96835977,0.46834219,0.51714855,0.4882483,0.18254866,0.23877016,0.16297649,0.8787649,0.24914236,0.38475674,0.69594544,0.04050443,0.81017977,0.8655804,0.97873986,0.5503177,0.16616936,0.2395558,0.4786269,0.49242648,0.88902116,0.49485123,0.060668316,0.33212942,0.28708985,0.5292557,0.8712484,0.81555504,0.30180687,0.7395653,0.18172023,0.80563354,0.2524316,0.393227
17,0.0070887725,0.99283844,0.66184306,0.15419878,0.48736244,0.3234619,0.05973283,0.06636072,0.019494973,0.5114299,0.06749933,0.10494544,0.0027326983,0.11316038,0.0047882637,0.003271777,0.049402155,0.058968406,0.022597753,0.26022306,0.289764,0.009317954,0.11139608,0.005046329,0.24446833,0.28959432,0.07432039,0.0019049086,0.00094018533,0.003237409,0.025183395,0.0010823146,0.02942607,0.353092,0.017212953
18,0.02218367,0.98453856,0.42930236,0.16255955,0.3707165,0.3851922,0.017649788,0.09790513,0.012135685,0.61468047,0.040640436,0.10356423,0.0010764899,0.15983866,0.0025478327,0.00269944,0.043680094,0.07695874,0.019203996,0.31993005,0.35687983,0.0047399644,0.11318083,0.0040730694,0.19351141,0.39537027,0.07009816,0.0016995182,0.0008369351,0.002776884,0.023068938,0.0010396934,0.034653533,0.1728811,0.0076607396
19,0.8139925,0.6930009,0.42376316,0.17604335,0.37208024,0.13282238,0.13663189,0.22616966,0.13448863,0.076156594,0.13978037,0.37347528,0.0053861644,0.76930726,0.8965694,0.98732215,0.12786002,0.12970595,0.027288219,0.4482072,0.3645497,0.71958035,0.41234633,0.023268461,0.19952637,0.23954178,0.36584568,0.018087782,0.9921713,0.92549163,0.9065579,0.0071499823,0.4829005,0.15028882,0.052354615
20,0.27144685,0.013238553,0.28642815,0.19848472,0.46786052,0.09957395,0.11226059,0.052805744,0.03868215,0.05393199,0.10223943,0.10977933,0.0028343808,0.17736967,0.20104869,0.009143047,0.06191946,0.106736496,0.03785573,0.56159216,0.4977085,0.23422134,0.09825988,0.23717162,0.20439747,0.25956368,0.453671,0.008448711,0.9314804,0.8288166,0.9376445,0.0014849706,0.07121878,0.20304611,0.03592622
21,0.8838233,0.65222985,0.52407956,0.3185758,0.37330797,0.19504553,0.07571339,0.38657844,0.047450695,0.3078416,0.34474388,0.22259489,0.04050782,0.7700972,0.06759572,0.0045069056,0.21524514,0.09308332,0.038019035,0.49189228,0.30049995,0.02878632,0.13209772,0.007710842,0.59147346,0.29453927,0.61945784,0.004260688,0.0021375867,0.007081727,0.822099,0.0015188437,0.033059366,0.22827901,0.028598756
22,0.98656726,0.27327412,0.22048491,0.5646838,0.3836213,0.15708956,0.07995382,0.07645424,0.028136183,0.22612076,0.5209513,0.19864298,0.028802525,0.11692324,0.0030641188,0.002814646,0.039763495,0.06244896,0.023095781,0.3782087,0.45741624,0.008440298,0.10305977,0.00810062,0.33037975,0.24257822,0.104230754,0.0021425274,0.0010387711,0.003280456,0.109803796,0.0012611792,0.01574158,0.25543603,0.010926722
23,0.008180927,0.99151695,0.27715504,0.2560168,0.4342577,0.14215547,0.021831356,0.45208183,0.011194877,0.26424333,0.083256096,0.10166637,0.0021932495,0.1235273,0.0025987332,0.002476494,0.036785986,0.05634902,0.026490688,0.2272556,0.4419002,0.005490056,0.0855369,0.0045397375,0.31551847,0.2915251,0.050097734,0.0017434112,0.00086616754,0.0027488673,0.016837768,0.001014876,0.034779098,0.48100486,0.018012993
24,0.8414042,0.050867386,0.46576625,0.50009555,0.34800118,0.6734215,0.046763796,0.38876447,0.022677891,0.7951444,0.5182589,0.11494108,0.028789172,0.18770963,0.008106991,0.0030818533,0.056886125,0.108990125,0.027106913,0.37057114,0.34704262,0.024309557,0.09686352,0.0075858845,0.47235197,0.32562923,0.22097157,0.0022461175,0.0010435231,0.0044277343,0.09790007,0.0013413874,0.024960343,0.27195346,0.022853382
25,0.02147277,0.98155516,0.40218967,0.8164796,0.38490567,0.7490579,0.36869732,0.95931333,0.026487628,0.906473,0.12622385,0.09390399,0.033480376,0.1169762,0.0049210466,0.0033970193,0.11564982,0.064996794,0.021658728,0.39277872,0.33128124,0.26999032,0.08220795,0.023995627,0.19331616,0.2776276,0.7342802,0.0022225175,0.00087308517,0.0027359661,0.13917926,0.0011656338,0.023314334,0.37375337,0.01637506
26,0.1791518,0.10315682,0.2546569,0.30970225,0.48849705,0.1044352,0.033736054,0.20447236,0.023015246,0.061467532,0.122478746,0.07082283,0.0028395767,0.29145324,0.016810425,0.0057563125,0.13387446,0.13330549,0.029469108,0.59550816,0.5572866,0.30597436,0.07162403,0.5766504,0.18449429,0.2562026,0.8832755,0.003315254,0.0037346268,0.020850467,0.78078157,0.0013185405,0.024700284,0.2862546,0.022228375
27,0.0073098573,0.1002486,0.3521875,0.23853107,0.41379288,0.108606555,0.13927463,0.051386543,0.25258586,0.07908765,0.11096849,0.16627556,0.0039895964,0.2544365,0.08282664,0.021702085,0.21130796,0.17364785,0.07977991,0.6391392,0.5221686,0.9329688,0.13452074,0.6115358,0.24802315,0.24606884,0.67196476,0.03419411,0.90486336,0.16187477,0.70534986,0.0056533213,0.099362835,0.31054795,0.027427204
28,0.9671847,0.28069884,0.4392393,0.24919914,0.47087196,0.13189387,0.79524857,0.6099644,0.7944439,0.15076436,0.17762643,0.39506245,0.006921652,0.44573715,0.50349474,0.0366729,0.1031469,0.11417275,0.045433756,0.6304556,0.48070273,0.55792934,0.18544751,0.057752844,0.24303597,0.24399312,0.67662126,0.051390257,0.4096129,0.24741773,0.8942572,0.0035625324,0.5098351,0.34539193,0.052082017
29,0.07085537,0.17819893,0.42003477,0.20372576,0.47795877,0.131313,0.32381025,0.34644985,0.6884384,0.09668431,0.1789336,0.5345205,0.0064872527,0.6883283,0.6990878,0.87271446,0.21424635,0.22526357,0.19751526,0.56529254,0.50726974,0.74059284,0.28738886,0.36523825,0.30266914,0.268174,0.55512136,0.08183757,0.9938672,0.53505975,0.8648459,0.0062986584,0.38907033,0.26555827,0.12207358
30,0.77721167,0.8324507,0.28896198,0.24254401,0.4488212,0.16132428,0.14815356,0.46715918,0.05548594,0.1104354,0.2507416,0.41999575,0.012161192,0.43380544,0.8069655,0.014876865,0.10655302,0.13367455,0.035803307,0.49704704,0.40452248,0.13549142,0.20450248,0.067747705,0.31587392,0.28335178,0.56577504,0.01633161,0.9972488,0.6997821,0.8700874,0.0017118149,0.03496523,0.21552597,0.11426143
31,0.12504196,0.12125063,0.3922637,0.21252967,0.48617685,0.097800255,0.052582838,0.1999178,0.23543318,0.066512465,0.13680454,0.49191827,0.0031930704,0.73099047,0.84995085,0.22993062,0.21957943,0.12227691,0.03303039,0.6394051,0.50463253,0.3505801,0.21933162,0.7569404,0.20247996,0.25288147,0.8516912,0.0052817743,0.9677311,0.87452435,0.8696379,0.011682396,0.16326581,0.16430336,0.043952078
32,0.68929714,0.67523515,0.47611597,0.28450277,0.33135775,0.2688632,0.38474953,0.3554157,0.06358802,0.29002768,0.73600584,0.35296258,0.059151843,0.8611511,0.7696073,0.020588316,0.8437038,0.124508716,0.036471467,0.39407182,0.2504284,0.9212649,0.16575927,0.018711511,0.35680646,0.2881265,0.7273028,0.0091913575,0.02756025,0.9010688,0.62532383,0.00984629,0.09353334,0.14017999,0.019973453
33,0.8979635,0.9720495,0.4700733,0.33233935,0.4052834,0.18175685,0.059864514,0.22637257,0.80335784,0.16090944,0.72648984,0.7563784,0.17094678,0.78718287,0.16564468,0.08309307,0.21940948,0.09177421,0.095610805,0.36195838,0.36278325,0.19340669,0.58380175,0.009247358,0.32239106,0.30524597,0.19225484,0.009330649,0.005055312,0.016438212,0.19516394,0.004136167,0.5674621,0.12198601,0.20193459
34,0.85322416,0.031735573,0.25476122,0.12289711,0.31234753,0.26648283,0.55896753,0.25214857,0.047691025,0.10969742,0.56688243,0.2155519,0.3038609,0.17607147,0.012802446,0.004909891,0.09956139,0.073000275,0.07252193,0.37289953,0.3220148,0.014947008,0.34000757,0.008263658,0.38108975,0.23443161,0.11018207,0.0042459136,0.0033275648,0.00993791,0.1051613,0.0016997019,0.034418605,0.15147504,0.008947151
35,0.93277824,0.9819295,0.5208856,0.16853872,0.4818901,0.1324832,0.19300745,0.2725847,0.1170449,0.13320243,0.27849647,0.7907691,0.03611076,0.11431799,0.016571585,0.00565766,0.0931334,0.065805614,0.0681867,0.4638031,0.53059477,0.04010871,0.70331013,0.011042591,0.30706212,0.2528459,0.14549229,0.006271938,0.0022687064,0.01000124,0.2846566,0.0042810915,0.048127357,0.124964274,0.022725305
36,0.859698,0.025059545,0.4835657,0.67154855,0.4492011,0.20549391,0.21619414,0.042904772,0.4133157,0.11487605,0.7923068,0.92424935,0.004256173,0.12582418,0.0041770716,0.0032996577,0.05867963,0.06684959,0.07248001,0.43143618,0.3701197,0.0062396093,0.8480036,0.0050985115,0.5462183,0.22485064,0.09100194,0.002991897,0.001034523,0.0053918688,0.046324816,0.001185133,0.07717014,0.15567464,0.023351887
37,0.9835761,0.04526999,0.64021236,0.48198673,0.3412516,0.7148641,0.5758197,0.1611971,0.9612289,0.5068248,0.8708762,0.8107142,0.6437283,0.5272123,0.0057484447,0.009610664,0.14130458,0.07641704,0.031108959,0.3068079,0.29391205,0.03416403,0.19405884,0.018060965,0.45232916,0.3216829,0.53886026,0.0036709078,0.0012104663,0.004274905,0.12326552,0.0016679841,0.03479028,0.15071452,0.1187519
38,0.008213616,0.99166614,0.65560335,0.189302,0.3551596,0.61197805,0.020457381,0.96125555,0.016095571,0.7408833,0.1641461,0.20205759,0.0020437196,0.13615388,0.0040955786,0.008159702,0.0743941,0.07327322,0.07066187,0.24825668,0.30616888,0.009053062,0.10582594,0.005275428,0.1984443,0.29769018,0.05751358,0.0017398654,0.0010544785,0.0034786058,0.024879538,0.0010914406,0.03175476,0.12294704,0.025832172
39,0.0061800024,0.99313277,0.7161552,0.35423037,0.3386722,0.35792068,0.13147412,0.9814851,0.06812882,0.6277351,0.18412675,0.19907552,0.0026941756,0.6361989,0.0026569306,0.009697705,0.29091772,0.09812835,0.03031202,0.35833225,0.28000277,0.01304479,0.107904725,0.00557054,0.28739238,0.2953924,0.17233315,0.0022154588,0.0009822663,0.003000084,0.02211483,0.0011218826,0.05184371,0.22909005,0.017783914
40,0.6167761,0.6852328,0.6730919,0.33196256,0.43328625,0.14823498,0.2874712,0.49274272,0.6961378,0.09238204,0.33184326,0.731565,0.9406317,0.7658194,0.01816996,0.26604763,0.87612605,0.11129076,0.32119563,0.4268419,0.36756206,0.033663746,0.17803411,0.71723443,0.38163954,0.2862924,0.7280634,0.008266405,0.037699576,0.15474208,0.059790235,0.00793463,0.6200091,0.153875,0.13413037
41,0.9928578,0.9920093,0.59644556,0.43930957,0.33880126,0.27963004,0.09446919,0.97258437,0.12690404,0.65074825,0.7082797,0.8241243,0.024448367,0.24878784,0.0027680919,0.003344421,0.060585115,0.06305731,0.025241641,0.33996806,0.34965032,0.0068951994,0.38895276,0.0049062367,0.2797883,0.2733215,0.10168281,0.0024093438,0.00087111286,0.0034974737,0.040967327,0.0011370536,0.025450574,0.13829333,0.44580364
42,0.9915705,0.02556696,0.51126885,0.23846394,0.29728425,0.5815832,0.69673026,0.1133716,0.34018826,0.55407023,0.82905865,0.79166496,0.092489064,0.10893858,0.0032628388,0.002873271,0.0497439,0.057283822,0.0259572,0.3448894,0.31630227,0.010436869,0.54619217,0.008264091,0.22285345,0.25745863,0.15555534,0.0031805465,0.0010808036,0.004252571,0.4604334,0.0011063896,0.027009537,0.13170548,0.03352435
43,0.99473214,0.008228553,0.35591367,0.21659717,0.44323924,0.3360127,0.044962764,0.08299571,0.48916277,0.075125135,0.88059,0.87646574,0.0052599036,0.108212054,0.0023056902,0.0025851077,0.051073194,0.05699314,0.02815032,0.3214006,0.54315835,0.007027789,0.29969823,0.0148096895,0.26931635,0.26996452,0.13410155,0.0023575837,0.00087879616,0.0033407058,0.41822118,0.0010433771,0.020465095,0.10210365,0.83881307
44,0.9851,0.7696517,0.39933977,0.53731465,0.34710625,0.7232264,0.8072356,0.81362826,0.111900985,0.6640679,0.88112456,0.42597294,0.07026604,0.43460912,0.005620948,0.0034964948,0.049959853,0.077641696,0.048766788,0.3080998,0.36165017,0.010829691,0.28591058,0.0074764923,0.33810398,0.3363911,0.18419178,0.0027903586,0.0012493154,0.0042201723,0.054296818,0.0011226786,0.026221711,0.15432476,0.056367334
45,0.7431044,0.9761515,0.6101731,0.32057646,0.38814595,0.19395176,0.12922156,0.12287311,0.8256421,0.35501313,0.46003324,0.74403507,0.8779483,0.776189,0.53962827,0.958344,0.7203301,0.1346268,0.43332374,0.3798196,0.30610168,0.74206096,0.42700574,0.012852708,0.43906137,0.28615633,0.2778399,0.44024417,0.008109345,0.018502088,0.52812016,0.005372183,0.83207375,0.14147331,0.1790279
46,0.9848898,0.9821124,0.619167,0.18951915,0.35216102,0.18513533,0.03954653,0.7171069,0.06484085,0.6701264,0.8424606,0.7459965,0.010642646,0.17367628,0.0031510289,0.0028139586,0.051424973,0.045521986,0.022062594,0.28870162,0.30024248,0.006235539,0.31373096,0.0053121597,0.21161059,0.26575723,0.08501194,0.0022940058,0.00090663484,0.0031170512,0.027495377,0.001069812,0.024950724,0.11272952,0.01228546
47,0.13741647,0.97538245,0.7287741,0.2274613,0.46660587,0.5498613,0.026179727,0.08671771,0.06939809,0.49760714,0.85876304,0.93022704,0.0064195106,0.11586911,0.0036576856,0.0027407294,0.05612651,0.045499094,0.025996538,0.28850552,0.29692048,0.007305755,0.9405065,0.0048462097,0.49214488,0.2718537,0.071641035,0.0021491428,0.0009223071,0.0036205037,0.041167688,0.001100125,0.0312854,0.10586053,0.038970158
48,0.10668628,0.6608989,0.37460703,0.25067362,0.43209156,0.16139221,0.11647344,0.25617447,0.036802612,0.63082004,0.8200231,0.33069128,0.9895257,0.11973011,0.0061845263,0.0031572478,0.06270653,0.06205927,0.060639106,0.28947446,0.32331884,0.009987487,0.42324737,0.0048532747,0.64770067,0.27411678,0.0900187,0.0025238118,0.0010261681,0.0036287438,0.056243077,0.001120087,0.02844627,0.2799937,0.009853685
49,0.8874365,0.07015648,0.5519953,0.55828506,0.35152483,0.7990301,0.0753608,0.052866384,0.05050956,0.56093514,0.83023936,0.18867023,0.9412751,0.17607413,0.0043831025,0.0031747553,0.16421065,0.24420537,0.13252464,0.32616723,0.40014887,0.019667024,0.3584794,0.04466345,0.5658015,0.4631889,0.31523165,0.0031944274,0.0011059875,0.0036424135,0.15222917,0.0012625193,0.039964184,0.15975846,0.35377225
50,0.7670662,0.790001,0.5827724,0.3815728,0.38387823,0.23997723,0.4808528,0.14962025,0.6171264,0.33949825,0.35810855,0.6545504,0.1972315,0.80894464,0.8116686,0.97676396,0.7624067,0.19152276,0.61213833,0.44646114,0.34862813,0.91920775,0.31306812,0.26162034,0.49907002,0.2799264,0.5248952,0.832554,0.4115246,0.18688759,0.76695347,0.498652,0.82310075,0.19920978,0.19047341
51,0.94975245,0.023589022,0.24452122,0.30534393,0.41807637,0.13175775,0.026575118,0.0671564,0.10796604,0.16945867,0.0990871,0.15697135,0.0022812355,0.114299394,0.03985773,0.012457025,0.06995073,0.08696081,0.030436877,0.4986887,0.50864476,0.022141567,0.13473998,0.017164784,0.20661902,0.24229094,0.12465082,0.01506742,0.009510965,0.009861029,0.03862356,0.0019515353,0.2721996,0.10749824,0.04256619
52,0.9916932,0.6415689,0.54831547,0.64355224,0.49702793,0.7162483,0.13706334,0.4147118,0.9333648,0.11861581,0.39979866,0.91469675,0.01069953,0.11786309,0.013463543,0.0043328106,0.15742512,0.09198672,0.04411931,0.48297858,0.508433,0.21240132,0.5022923,0.21711752,0.21403083,0.25710323,0.86989653,0.004205128,0.0043620965,0.015931811,0.088740826,0.003278676,0.43030578,0.16462347,0.9265904
53,0.9879252,0.11182481,0.38361531,0.5924256,0.5582859,0.17210606,0.027042441,0.09097389,0.63841295,0.052691806,0.76570976,0.83168495,0.005469715,0.6873202,0.017056096,0.0056222696,0.22523499,0.121119805,0.055263456,0.50374943,0.58316165,0.118514724,0.29982945,0.07920904,0.3138517,0.3093964,0.8441938,0.0047754575,0.0018098577,0.0082670655,0.43023,0.005096432,0.43012363,0.23593551,0.98969966
54,0.10486506,0.7560314,0.40940413,0.4287014,0.4087672,0.14633325,0.08808278,0.27901936,0.06663509,0.08462283,0.25426963,0.44993597,0.006750678,0.84835064,0.031132953,0.95210457,0.19215947,0.14179413,0.0949334,0.47662008,0.392263,0.4470384,0.18255712,0.108002305,0.2854349,0.29211414,0.76262444,0.014191484,0.70405495,0.604538,0.11763329,0.934021,0.2745672,0.1812018,0.08130335
55,0.09175404,0.9363092,0.2936228,0.56728673,0.43464017,0.19655055,0.50565124,0.44096792,0.8299865,0.1492298,0.2563601,0.45003125,0.008214462,0.792714,0.07190296,0.009941242,0.12127291,0.10492873,0.048569076,0.5219034,0.4505938,0.15345515,0.3380776,0.013602096,0.23208645,0.28342152,0.5081845,0.010261475,0.05011623,0.022934787,0.18609613,0.976179,0.79882395,0.19081107,0.028835999
56,0.32523245,0.68611014,0.2935453,0.46621808,0.53427845,0.1175178,0.044466693,0.20051745,0.11759851,0.03832236,0.22692694,0.34092304,0.0033351914,0.23052084,0.8913289,0.8813533,0.45339012,0.09729565,0.039514933,0.59737396,0.57960254,0.027952494,0.11154361,0.9915508,0.22490586,0.30262807,0.8987497,0.004616158,0.0051471554,0.065920316,0.034307964,0.0069748964,0.17809637,0.20210868,0.06254811
57,0.019332597,0.9889894,0.20177335,0.35543403,0.40025762,0.12730655,0.018822838,0.96568155,0.016822485,0.7415304,0.0842549,0.10103278,0.03436363,0.11544592,0.0028804385,0.00375538,0.08689916,0.07896826,0.03013056,0.28767943,0.36353707,0.009061487,0.08838097,0.03193137,0.14337584,0.3968669,0.06741342,0.002200289,0.0010281875,0.0039350316,0.01860104,0.0011774309,0.02328351,0.27534118,0.06255791
58,0.48431727,0.65803576,0.4916892,0.36913726,0.3662027,0.1348311,0.22131115,0.14453973,0.7416518,0.15527189,0.1901004,0.3098905,0.030274885,0.59051335,0.93250716,0.9723998,0.4189281,0.1472198,0.09273689,0.45369613,0.31644747,0.9086711,0.2520875,0.049377073,0.2684649,0.2686524,0.4395917,0.02621415,0.9971336,0.46057522,0.779207,0.042111043,0.66963816,0.18706883,0.116280645
59,0.8550736,0.9777089,0.39754322,0.71099323,0.34471816,0.7181144,0.15452543,0.87072474,0.04009363,0.7671641,0.76873016,0.45160136,0.006882776,0.7526843,0.008718663,0.0038850543,0.1133405,0.078471355,0.035283063,0.36555454,0.3175512,0.010846003,0.1622691,0.0061751893,0.3270185,0.30319443,0.58461124,0.0022569485,0.0013351165,0.003897095,0.071237236,0.0012786047,0.025584446,0.1473303,0.025927758
60,0.19386949,0.9568132,0.5371262,0.46558282,0.40433353,0.13335854,0.06602044,0.10769127,0.60637444,0.13542491,0.31446433,0.58626175,0.023205342,0.8587397,0.67828685,0.9863667,0.6937748,0.14236438,0.22000943,0.4171553,0.41503918,0.8935852,0.24650596,0.06113436,0.40475008,0.27984908,0.6471254,0.18656258,0.9835971,0.6347593,0.5854072,0.27122724,0.847656,0.16771758,0.17307578
61,0.07477367,0.70324826,0.33291912,0.43637967,0.45371464,0.16029198,0.035905182,0.17328069,0.9378794,0.22584115,0.46460485,0.4999026,0.005112395,0.6169283,0.08933583,0.3137727,0.16995393,0.11010662,0.07601349,0.5092455,0.4602487,0.13999891,0.4378598,0.074023105,0.2628828,0.29063663,0.7393887,0.33871713,0.018272277,0.04145323,0.10535501,0.006070466,0.6204518,0.23847383,0.29433256
62,0.82008004,0.8939377,0.22138667,0.79414946,0.5311112,0.17744541,0.030702611,0.14653803,0.9554531,0.4030485,0.8632301,0.92386997,0.0033492215,0.121274866,0.009246592,0.005086712,0.074212864,0.08813931,0.05582636,0.42464453,0.65142226,0.014418523,0.82305145,0.042082943,0.40980902,0.2815522,0.24412423,0.020515807,0.010050622,0.012330373,0.04106064,0.0026404143,0.20465954,0.19438227,0.8249834
63,0.1136156,0.8371973,0.3341723,0.46156424,0.4249498,0.13271832,0.075053565,0.13223709,0.115871,0.1916954,0.34857047,0.4665361,0.0072834278,0.79367876,0.28960103,0.93333054,0.26660722,0.1507808,0.10718524,0.46058565,0.46404052,0.17000166,0.365889,0.04359714,0.25477263,0.27532598,0.61961126,0.97491425,0.98982656,0.40687877,0.13280267,0.017114883,0.58568794,0.22543515,0.243487
64,0.3486135,0.06887061,0.5075748,0.48264548,0.3666619,0.25443813,0.72109294,0.16703835,0.25827637,0.5160306,0.44194686,0.33388945,0.009718816,0.62153226,0.14712133,0.77187425,0.6412108,0.21047826,0.2777561,0.475229,0.30409366,0.6868639,0.2502653,0.096197754,0.37300384,0.28589857,0.6586369,0.6489868,0.063835025,0.26367757,0.5599149,0.019885402,0.6063451,0.27394834,0.13749704
65,0.2186651,0.34878543,0.48795643,0.6000891,0.3543565,0.7666076,0.40206096,0.57324094,0.93485904,0.8221218,0.5573051,0.30156413,0.013013341,0.16512491,0.026053967,0.04705276,0.17179453,0.10914871,0.067909956,0.49757767,0.33001533,0.027399417,0.44528002,0.026387677,0.3184158,0.25610843,0.45910755,0.058827255,0.13789237,0.025020173,0.38627875,0.008651496,0.85976195,0.23817617,0.3392857
66,0.19022316,0.6514686,0.4661804,0.41456398,0.42657438,0.16723186,0.11369179,0.17374346,0.700695,0.16784334,0.33634233,0.56860787,0.0057966094,0.7696421,0.3318695,0.8918293,0.42031223,0.1543191,0.14495613,0.4401253,0.4303111,0.6968344,0.34473613,0.076254755,0.3554657,0.3008171,0.46073604,0.032478556,0.78378206,0.18744293,0.57201284,0.08278347,0.7753409,0.1905708,0.1765441
67,0.36788285,0.96478456,0.46207047,0.3212867,0.4536709,0.15761697,0.07932786,0.17213233,0.83577013,0.13995592,0.27384531,0.7474473,0.015173749,0.83901966,0.42830878,0.978564,0.45535737,0.16943312,0.18793152,0.43535754,0.5086437,0.72284734,0.4195292,0.12689666,0.26731804,0.29840088,0.36549887,0.34606177,0.96874267,0.8009719,0.638145,0.49954072,0.8130945,0.17471299,0.1300896
68,0.6576139,0.8039706,0.6205159,0.38936344,0.36226526,0.21431737,0.43716043,0.18631214,0.19554366,0.28551292,0.31165048,0.49912328,0.12521106,0.77072424,0.50266486,0.97026986,0.8349883,0.19538747,0.53052956,0.39134702,0.2983891,0.7731912,0.20720993,0.798694,0.4414037,0.31292275,0.540025,0.106074795,0.33810627,0.71178895,0.5835947,0.19476348,0.65103066,0.22294956,0.10981937
69,0.7578376,0.042911075,0.33996814,0.20409884,0.3599737,0.23396654,0.044818282,0.3414655,0.06692581,0.15760137,0.21391538,0.15335771,0.013714222,0.13454811,0.032067005,0.011390437,0.10950293,0.30284056,0.18497506,0.4836988,0.45870796,0.046295207,0.18050286,0.48688024,0.26895013,0.32025906,0.44928065,0.0077572176,0.026788618,0.8103263,0.11944996,0.0180916,0.04262792,0.1857204,0.05632936
70,0.19056298,0.3535927,0.4761421,0.23794124,0.44678348,0.12646852,0.087173045,0.20482284,0.7945872,0.06451701,0.16586111,0.5718795,0.006167224,0.14884931,0.11791429,0.8541884,0.15914327,0.11051445,0.19356929,0.60147065,0.5353813,0.041837532,0.36402017,0.33382317,0.22000244,0.24238461,0.4451993,0.065614946,0.3663942,0.6851958,0.1386836,0.08274413,0.4457663,0.17696722,0.25192404
71,0.6159405,0.8982634,0.54550344,0.21686159,0.35642824,0.13209024,0.097823314,0.16585705,0.26890895,0.10264319,0.12198975,0.49614033,0.0070471084,0.22122216,0.13109368,0.16488099,0.27933833,0.11295717,0.2941616,0.50090545,0.45486686,0.42677048,0.22997504,0.5252331,0.19422533,0.2552712,0.54667246,0.02556228,0.64944994,0.82493126,0.42388037,0.047150575,0.13514864,0.14094864,0.034749128
72,0.2627884,0.13707206,0.44640368,0.26386613,0.45652673,0.12997784,0.22690262,0.14187735,0.4816674,0.08973613,0.16472463,0.43168828,0.0052054627,0.16891232,0.29238185,0.082933925,0.20193982,0.13661137,0.23727891,0.58820593,0.53979933,0.2996669,0.43211502,0.1342315,0.27484813,0.26666763,0.49480292,0.2298663,0.77204365,0.7812582,0.55983734,0.045252103,0.55789083,0.22507636,0.17473763
73,0.9914882,0.31768718,0.32012683,0.25299576,0.44108483,0.12603201,0.26910812,0.2656968,0.40558538,0.09464148,0.17587887,0.39325124,0.008291657,0.14362259,0.044858623,0.050241694,0.091548145,0.07861043,0.04120408,0.49440196,0.5204793,0.19641724,0.38200998,0.04434698,0.2201279,0.25695586,0.30455157,0.015172572,0.0062038465,0.0177478,0.14797316,0.0029070873,0.06525752,0.18228729,0.06541132
74,0.19019121,0.7354445,0.43356755,0.2608627,0.4723201,0.14565435,0.29800144,0.3203854,0.8131387,0.094891794,0.20006037,0.7513816,0.0044212635,0.26561636,0.41877156,0.9760778,0.1583682,0.12697624,0.08210576,0.52385676,0.5268426,0.5346121,0.44149852,0.040996216,0.23396082,0.2731182,0.4356789,0.8726376,0.9748571,0.32282528,0.5256705,0.53005975,0.7888546,0.21804188,0.06554397
75,0.5366049,0.9825953,0.448209,0.34672737,0.4616057,0.15991218,0.29635444,0.35038117,0.66497093,0.15229273,0.23085992,0.72523046,0.00702715,0.17599727,0.32825163,0.7895906,0.2676787,0.10049401,0.16388108,0.5249531,0.5163779,0.34212682,0.5105806,0.027115777,0.2625779,0.2757813,0.3610064,0.015615968,0.3376102,0.050730113,0.66074026,0.26161966,0.6798205,0.24502829,0.1089893
76,0.2227325,0.9780049,0.4811637,0.22492892,0.42168695,0.116047,0.33181936,0.40791076,0.49962616,0.13289489,0.17599884,0.7289006,0.007346111,0.6590778,0.40017107,0.9530129,0.2023894,0.10573381,0.047835395,0.5236407,0.505712,0.37180927,0.35188594,0.018796625,0.20811614,0.24451712,0.22372656,0.013511464,0.56763816,0.23227614,0.4842202,0.042233862,0.35594144,0.18532905,0.052620392
77,0.37442598,0.9324757,0.47293255,0.30547792,0.4651702,0.15296735,0.23035902,0.24993482,0.8575767,0.14888202,0.19836578,0.86035144,0.007142708,0.18046069,0.54849344,0.97468126,0.2150475,0.14914593,0.09971523,0.52341384,0.5036696,0.6598289,0.68029475,0.045701265,0.25919282,0.25965947,0.4133764,0.4959869,0.9882112,0.43966317,0.50703114,0.052981175,0.8448038,0.27121234,0.18592775
78,0.99021846,0.90764415,0.45300114,0.41600472,0.4342198,0.148557,0.16279583,0.12422016,0.18926805,0.13274346,0.27603233,0.6370489,0.97195476,0.43750453,0.69258845,0.062056508,0.22796091,0.10588776,0.11393472,0.40450048,0.48628104,0.15821023,0.48427683,0.057134245,0.28554615,0.30470058,0.35605764,0.021806905,0.17010255,0.13006201,0.27724513,0.01270666,0.16851257,0.23496118,0.4002397
79,0.87162465,0.6162802,0.3758154,0.24223702,0.4137631,0.11947477,0.3635243,0.18250552,0.7107999,0.07583993,0.15551086,0.7751846,0.025024926,0.6687505,0.28446332,0.98392636,0.08610728,0.10157695,0.05253309,0.5848319,0.47800738,0.23977841,0.47690976,0.028282093,0.22784822,0.24197225,0.32689667,0.054709725,0.9592576,0.13002771,0.6745,0.022930136,0.22598064,0.24725479,0.07493072
80,0.03213179,0.0629786,0.28079972,0.34886095,0.43988207,0.12466864,0.043451563,0.2690198,0.064946465,0.059096117,0.26454052,0.15404195,0.012490023,0.42841315,0.13836989,0.026098,0.2312233,0.14086534,0.031041665,0.520863,0.44671163,0.019717542,0.16054429,0.6125436,0.19988582,0.3021578,0.72106206,0.014247571,0.9776618,0.90919363,0.26192188,0.12092105,0.051212948,0.157744,0.12149635
81,0.092166774,0.9615059,0.37180373,0.42701805,0.5520522,0.13775738,0.034687568,0.15965503,0.906232,0.04712238,0.21545276,0.849138,0.007332396,0.42949668,0.19408561,0.98616505,0.16433208,0.15809467,0.11075603,0.52382445,0.68491906,0.23449808,0.57008296,0.56571424,0.27171543,0.30574316,0.7201787,0.9281349,0.9756707,0.7048145,0.10684685,0.8188423,0.71732366,0.22364987,0.5130972
82,0.7708919,0.8970955,0.63081783,0.4335332,0.3960336,0.25210676,0.41524452,0.18552709,0.64902586,0.37766126,0.3887455,0.6160611,0.11215343,0.8503913,0.8188293,0.94902474,0.8116292,0.16774322,0.60972255,0.49355316,0.3539184,0.91363823,0.27912888,0.108896226,0.49163818,0.28780672,0.6129043,0.52374005,0.08156825,0.18446992,0.8058116,0.20294212,0.85730267,0.20922825,0.17517872
83,0.106111124,0.9476182,0.31949106,0.4967142,0.48249856,0.13976271,0.045683887,0.38266754,0.7332044,0.05705232,0.34299606,0.57913923,0.008285785,0.73564446,0.44803423,0.9481385,0.49730626,0.16738372,0.12158272,0.5059943,0.49042085,0.45807397,0.37961385,0.42664668,0.32706904,0.323143,0.7884262,0.13853812,0.99453616,0.93669546,0.16747421,0.37896246,0.50702894,0.22574872,0.25093696
84,0.2657896,0.9411163,0.4168413,0.36834106,0.5605168,0.124117695,0.15410137,0.11452634,0.8429121,0.09398052,0.2375568,0.5950313,0.0064962115,0.2788114,0.7616374,0.97121745,0.46911114,0.13553016,0.08035577,0.6246814,0.5520879,0.6044773,0.29193157,0.27809298,0.23620436,0.25679126,0.73028934,0.9058525,0.98439366,0.30317032,0.71143925,0.05065995,0.8484573,0.2959014,0.20761162
85,0.31204045,0.6008712,0.37430093,0.25174624,0.45659393,0.106505215,0.06220696,0.2028917,0.22115235,0.09008627,0.2344542,0.4964302,0.007772641,0.27970806,0.8784694,0.99052244,0.27579272,0.1347288,0.06875391,0.5204189,0.44918507,0.5928635,0.29964986,0.06408513,0.23298578,0.23903303,0.4936615,0.9764473,0.9967368,0.98204917,0.13508992,0.02409708,0.6380873,0.19051255,0.27878842
86,0.44131684,0.7271145,0.3550314,0.396655,0.45666692,0.14600763,0.108445145,0.3297108,0.78251237,0.072402194,0.17787786,0.8412745,0.0041213357,0.52158785,0.05693051,0.255953,0.10282327,0.17158158,0.09486654,0.66110694,0.63179153,0.07084886,0.48338988,0.19437197,0.2407844,0.32570547,0.79613805,0.95171183,0.4645374,0.35895166,0.15508108,0.2907109,0.7398678,0.20770702,0.075516425
87,0.33205158,0.47320238,0.45456788,0.2690026,0.41294414,0.122454904,0.28075317,0.31001472,0.60531485,0.08949648,0.26956004,0.38891667,0.0070455805,0.42934644,0.6175029,0.80367,0.169525,0.1574057,0.14101672,0.5532721,0.4309408,0.63364226,0.307477,0.046635415,0.2899004,0.22400442,0.61155546,0.114522874,0.9866469,0.9486903,0.833183,0.056672256,0.67612517,0.23971093,0.22713318
88,0.5552237,0.8823298,0.44512108,0.43209794,0.4679727,0.14653125,0.1172026,0.09600025,0.8984503,0.12084162,0.27067867,0.8384299,0.006951688,0.77633333,0.4994782,0.96112525,0.33136454,0.13526413,0.33411512,0.5946104,0.56423205,0.49564216,0.5794435,0.03423828,0.29219183,0.30001494,0.653373,0.9837144,0.823322,0.107982375,0.49687183,0.27231237,0.90315527,0.25673386,0.62429756
89,0.25173965,0.49429813,0.62573385,0.12025164,0.38202056,0.07759919,0.032048848,0.062262278,0.08021228,0.052050572,0.17583844,0.16739097,0.0049261795,0.18727106,0.013190109,0.9875271,0.3326981,0.08125772,0.024031533,0.33055305,0.33079067,0.90590274,0.124034256,0.4775931,0.20912352,0.29461527,0.17872025,0.14284298,0.39601424,0.40560475,0.060285058,0.008715471,0.49117646,0.093247876,0.03463728
90,0.19403967,0.9143189,0.49664658,0.43268108,0.37522322,0.22470537,0.33383396,0.7661677,0.7448526,0.3012006,0.27869046,0.54254127,0.009456073,0.52125436,0.21711506,0.090380296,0.44961607,0.1444961,0.18709867,0.4915984,0.43087533,0.650786,0.3037666,0.1995262,0.31955433,0.27943897,0.61543345,0.9659849,0.96227586,0.8625774,0.36752793,0.06635194,0.5295974,0.2145505,0.07413348
91,0.117707506,0.9550223,0.31824628,0.4675491,0.49020344,0.15989263,0.03212936,0.38547152,0.12466272,0.08616137,0.380916,0.61891335,0.0040468434,0.7502582,0.08743664,0.019948648,0.09402177,0.14929168,0.03670476,0.5075865,0.45607948,0.061061867,0.2731591,0.12626669,0.25075772,0.31325495,0.72954786,0.009390815,0.92436695,0.3541651,0.44652015,0.20385902,0.54129845,0.1524807,0.09505797
92,0.63009566,0.84993553,0.5410263,0.46116918,0.40338627,0.2462055,0.40808678,0.15369344,0.6121839,0.40494505,0.40058315,0.5833536,0.19340114,0.81499785,0.81303257,0.9710334,0.78265053,0.18967837,0.4572365,0.47071785,0.34233132,0.8936964,0.38099816,0.077525675,0.4633285,0.28610307,0.5611588,0.72419006,0.29790884,0.3276794,0.63101125,0.5103076,0.8050095,0.24994662,0.26387715
93,0.9871,0.07089906,0.26875043,0.19337611,0.45975003,0.19048443,0.029887123,0.08893949,0.68105966,0.0714115,0.35333872,0.45291764,0.018700473,0.18658447,0.015230251,0.008251482,0.088120095,0.14460589,0.07440042,0.57581234,0.7396308,0.011418543,0.4196561,0.08450124,0.29348975,0.35658184,0.42092627,0.014847899,0.0034769452,0.013507423,0.5538889,0.0037503045,0.10483706,0.18805659,0.66488504
94,0.2557755,0.9926001,0.68408793,0.37243116,0.39304742,0.23447764,0.21158516,0.5633491,0.7259204,0.4267762,0.23282893,0.66044784,0.37267777,0.6594338,0.037681065,0.7276756,0.83488226,0.1079121,0.04944779,0.37423867,0.32829222,0.47640005,0.31404775,0.065848246,0.368669,0.3086334,0.60773075,0.03451623,0.0022988939,0.009698722,0.08358616,0.0037346554,0.467335,0.23000295,0.051402934
95,0.47562924,0.95391464,0.521937,0.44126657,0.42988104,0.16332582,0.3222168,0.08485871,0.81030667,0.17955697,0.33039534,0.6997956,0.23195924,0.8371196,0.8954362,0.9797332,0.7219559,0.14648752,0.3977591,0.5223289,0.4328922,0.8842526,0.55624586,0.032041334,0.3291488,0.2639849,0.49557546,0.8731274,0.6299567,0.14980136,0.60526425,0.2154217,0.82810676,0.23286481,0.38548025
96,0.60070366,0.8112279,0.40500852,0.34014425,0.43123373,0.14044468,0.4642968,0.5015226,0.79181725,0.09461265,0.2573927,0.724861,0.0064736456,0.70247775,0.7228974,0.94657314,0.1527624,0.12537345,0.19874412,0.5192066,0.45955762,0.16439933,0.3644011,0.04950755,0.23942524,0.2658569,0.46479157,0.47460863,0.5915995,0.35782084,0.10979802,0.06486619,0.7405752,0.20328063,0.11854069
97,0.4433204,0.89375526,0.46682465,0.44880596,0.47590026,0.18022515,0.17584394,0.115031496,0.8649291,0.12921913,0.28809592,0.70236564,0.010414171,0.72838706,0.3989912,0.9822327,0.49557418,0.1659877,0.28170803,0.5529069,0.4965662,0.67898095,0.546576,0.17825016,0.32317424,0.2805914,0.57356626,0.9597927,0.9869126,0.49523133,0.59034646,0.19054088,0.8771649,0.2361484,0.6133399
98,0.07220364,0.9890695,0.37651995,0.4608682,0.38954648,0.73117834,0.8738115,0.9559539,0.1604261,0.5412228,0.78252816,0.6415585,0.033748526,0.2468328,0.005425348,0.006375246,0.07295898,0.069645084,0.02282397,0.37217832,0.35350993,0.036608797,0.4187359,0.011164668,0.21300128,0.30112436,0.667657,0.0045873225,0.002463914,0.007296507,0.04495577,0.9669047,0.056659635,0.15750885,0.064197205
99,0.09238126,0.99062353,0.47958022,0.31511632,0.4483431,0.60422325,0.98171705,0.962846,0.12808351,0.6036098,0.3405022,0.23337565,0.004821549,0.4808358,0.005199564,0.008569735,0.06626573,0.06474674,0.023808226,0.30454764,0.36146563,0.017723734,0.14474246,0.007451701,0.17355359,0.30911145,0.17982079,0.0025775833,0.001448376,0.004232924,0.032223992,0.0013960977,0.04623703,0.1467587,0.032877028
100,0.24169606,0.45472345,0.22297704,0.22524661,0.5066543,0.1661651,0.27327433,0.8319704,0.1554195,0.040413193,0.28589052,0.19407167,0.005125056,0.14743699,0.06663307,0.00969334,0.11642025,0.23952776,0.02806182,0.59419405,0.56251246,0.035882242,0.1952474,0.049141746,0.20390286,0.33301225,0.61181396,0.010309006,0.793552,0.086042985,0.15988603,0.008381867,0.13138255,0.15598065,0.024925448
101,0.42924085,0.98583525,0.47679457,0.54562885,0.42834476,0.4925935,0.7532967,0.72596884,0.8792349,0.28489837,0.38524026,0.52168393,0.81871533,0.448618,0.025329437,0.021947328,0.23360851,0.11243407,0.07922926,0.4877058,0.40406424,0.33518276,0.31292418,0.68291825,0.30737814,0.30709288,0.65945464,0.04038239,0.08021873,0.05424135,0.12007099,0.0053119147,0.32613498,0.23804171,0.20257874
102,0.98884445,0.9794012,0.434851,0.6724114,0.43448067,0.21593592,0.7973255,0.3500391,0.93436265,0.14387777,0.5835393,0.7929093,0.13663681,0.14968105,0.009089009,0.071419016,0.14512613,0.07217498,0.053799413,0.3309573,0.50084156,0.12186759,0.47264534,0.039006483,0.26278868,0.27574396,0.635537,0.0039292662,0.0075947233,0.01124526,0.0618948,0.0019513441,0.20964289,0.20637043,0.4102035
103,0.9940573,0.9700579,0.44847175,0.12718147,0.45433795,0.16032194,0.9203748,0.50529325,0.8033297,0.15597548,0.28736785,0.6176527,0.8947038,0.25267416,0.01992314,0.0048010075,0.1348275,0.09746601,0.07750744,0.62363964,0.6453586,0.019946795,0.31920522,0.04280134,0.19212003,0.29583502,0.12188983,0.0061787637,0.0037247825,0.009118578,0.468378,0.002838972,0.05167679,0.16011734,0.02425153
104,0.99046797,0.9506123,0.50602895,0.29892427,0.3803303,0.13838416,0.48190022,0.048788555,0.90599287,0.24490514,0.14772385,0.8291064,0.8682766,0.16038075,0.03481675,0.041298356,0.20035356,0.07267279,0.084315024,0.4128139,0.5018409,0.61191595,0.43877366,0.22600555,0.23752205,0.2753607,0.5248197,0.11585888,0.0035953855,0.010431759,0.74305815,0.0018351873,0.5530442,0.16908503,0.10874588
105,0.9905776,0.9873204,0.5664365,0.34383193,0.49656463,0.23424427,0.15935613,0.94872653,0.6201819,0.1252698,0.24864209,0.48034906,0.9765157,0.50136846,0.008053599,0.0055675907,0.123608984,0.06817154,0.021120762,0.2942863,0.3014163,0.32130355,0.18057795,0.009009535,0.17351817,0.35148162,0.31418034,0.0029720862,0.0015116221,0.00624597,0.07444469,0.0014090388,0.040056057,0.14684601,0.18636324
106,0.08044619,0.99016726,0.6224815,0.33977336,0.4041578,0.2021391,0.19817019,0.8978061,0.48985347,0.7766381,0.23757944,0.85023457,0.0060328874,0.12484201,0.09857043,0.0072317575,0.19332083,0.06517733,0.03722622,0.4758561,0.30398822,0.11464117,0.63836884,0.0063546733,0.24091724,0.2587169,0.38897556,0.005719764,0.006024878,0.004719348,0.46695468,0.0013318203,0.23817106,0.20624316,0.052137837
107,0.59198403,0.35901645,0.39056376,0.23001786,0.4956636,0.14673021,0.24107006,0.9643621,0.043043736,0.21956466,0.32791507,0.38007587,0.004752118,0.20021248,0.012019576,0.018430753,0.07949571,0.07073275,0.030012952,0.5191537,0.4208343,0.009666641,0.15185072,0.006890153,0.22634408,0.26002046,0.5428387,0.0062869224,0.92119944,0.003991762,0.44539857,0.0014372426,0.02875417,0.20158862,0.030080087
108,0.8658629,0.9858461,0.53784657,0.27007744,0.49122804,0.22099826,0.20348658,0.50850844,0.74876,0.23038206,0.3085148,0.8997986,0.009689886,0.38591403,0.10948646,0.00953392,0.1382734,0.11116878,0.052791346,0.4431338,0.4468675,0.20007664,0.6987423,0.011930796,0.2515116,0.29472438,0.6171278,0.020000296,0.005857672,0.0117410915,0.15843269,0.0030571218,0.30973226,0.17267725,0.08542448
109,0.26253277,0.9924279,0.7788527,0.4309429,0.33942458,0.8450215,0.13857633,0.93232816,0.042685136,0.9016147,0.55213803,0.47942865,0.08180762,0.113723606,0.0035908269,0.002579191,0.04610389,0.05835307,0.039601427,0.25710824,0.25521973,0.008388415,0.29645425,0.0050045517,0.5236717,0.25977856,0.09444308,0.0019424906,0.0008729783,0.003269057,0.031599943,0.0010768858,0.039547056,0.19774278,0.016800573
110,0.6557753,0.9659629,0.56907797,0.44942793,0.39063257,0.2634741,0.94923717,0.50788397,0.92165816,0.25343215,0.33917442,0.4809665,0.95516145,0.29953337,0.7933404,0.9574716,0.45479158,0.1122105,0.19175534,0.4378273,0.40130177,0.4685055,0.36631337,0.06397986,0.2605394,0.23671266,0.40547046,0.007108362,0.014443569,0.041951906,0.47903344,0.20351431,0.62010217,0.23510624,0.08109606
111,0.19179587,0.9923388,0.7475056,0.38258353,0.37669188,0.21932586,0.78630865,0.7093356,0.16553888,0.48388654,0.44278565,0.4476546,0.020821836,0.16713831,0.0056392443,0.008092037,0.15679903,0.07034681,0.055584736,0.33964524,0.33513236,0.024953207,0.19246256,0.007606622,0.35708338,0.27950546,0.1930414,0.003509528,0.0011029174,0.0042536715,0.040569935,0.001491633,0.05189533,0.21148437,0.05626485
112,0.46211752,0.9924234,0.6237298,0.5045253,0.41840726,0.62814,0.3602319,0.9499437,0.15047017,0.7798224,0.67892206,0.7055571,0.014246842,0.18852682,0.0054223067,0.0038236699,0.068768956,0.061836444,0.03257425,0.35981533,0.38594654,0.012930042,0.26406977,0.006012709,0.36074364,0.30462077,0.25383952,0.0029614782,0.0010672581,0.0046430267,0.024771906,0.001366512,0.036751315,0.16135113,0.04688356
113,0.1983896,0.1573247,0.3897801,0.29080704,0.45044982,0.1588038,0.05241123,0.23649551,0.29899505,0.07413033,0.31597438,0.21530037,0.010096128,0.8162639,0.34255946,0.08441631,0.40036333,0.124795705,0.05693135,0.5100098,0.428083,0.26376742,0.1923923,0.23777226,0.25415534,0.2937124,0.5752234,0.0057876525,0.016917672,0.5309269,0.7550274,0.054696463,0.19562042,0.17896466,0.3097684
114,0.6637702,0.795681,0.41899237,0.30665138,0.4203447,0.120479785,0.04455637,0.25027296,0.5129856,0.059408046,0.32692796,0.78105056,0.005126525,0.86426455,0.72621155,0.9874445,0.2170671,0.13786998,0.06659921,0.48070544,0.48075405,0.3926151,0.3641952,0.018932061,0.27766666,0.2711101,0.5897454,0.03629992,0.9117765,0.71448964,0.8199963,0.35255152,0.9044382,0.13998325,0.35700288
115,0.6540563,0.76730263,0.51509863,0.35463187,0.38079706,0.20620833,0.4313275,0.1623633,0.7613312,0.23272644,0.26547948,0.68403184,0.15314895,0.8244237,0.80727154,0.9670244,0.6074122,0.1758864,0.46470317,0.47764418,0.38159478,0.8940781,0.36841604,0.13179485,0.4016312,0.27232006,0.54688597,0.75893575,0.30535388,0.4835539,0.5832557,0.24675073,0.774554,0.19910827,0.10386147
116,0.21408616,0.7284405,0.39810938,0.33238038,0.42693233,0.16286483,0.11595844,0.12963189,0.7507704,0.11108311,0.27593413,0.51931584,0.013031303,0.8359659,0.77141565,0.9721601,0.54533285,0.17070885,0.13636467,0.51993644,0.4208489,0.7846046,0.39717615,0.037928533,0.3308631,0.27904332,0.5894833,0.8915017,0.49775827,0.37531263,0.48206076,0.3131914,0.6729326,0.24302533,0.15466781
117,0.5432972,0.4832121,0.5521682,0.2698485,0.37244838,0.18156125,0.47620508,0.041012757,0.16432105,0.10052103,0.1644201,0.6352578,0.078766786,0.80824053,0.7184886,0.90278864,0.30547896,0.12278586,0.16283178,0.41530675,0.31599542,0.7366807,0.36976293,0.015952947,0.30785185,0.24194263,0.44922903,0.16248664,0.022124613,0.20608296,0.79299545,0.0035973967,0.46055686,0.16186853,0.037978064
118,0.835813,0.039943814,0.45996112,0.13213754,0.42243478,0.11603938,0.12375097,0.12421512,0.65406483,0.096519016,0.12573837,0.43782735,0.0064160572,0.42710695,0.21924433,0.8185069,0.09782606,0.13303886,0.05466735,0.6158146,0.49913007,0.03985596,0.26342252,0.039668385,0.23345701,0.23724635,0.24734859,0.045302488,0.019457966,0.9315943,0.9117056,0.003071428,0.27162087,0.1494613,0.5328499
119,0.97272384,0.01729892,0.3061921,0.2849684,0.47116104,0.14436221,0.043468695,0.025630333,0.64352065,0.055735968,0.29006958,0.6758659,0.005252893,0.25312525,0.008267848,0.0043470124,0.057930186,0.09030733,0.038796324,0.57784855,0.52418506,0.008745512,0.63993925,0.010783513,0.26862735,0.2536919,0.23652878,0.008767237,0.002018592,0.0074209687,0.7830045,0.0022039758,0.072473,0.24555193,0.17132926
120,0.95644164,0.04431693,0.42615548,0.2805032,0.44749716,0.14414333,0.15972921,0.06527141,0.83167,0.09498485,0.45908692,0.41795546,0.015665486,0.122186884,0.014262454,0.0076419716,0.107820116,0.085394874,0.072703704,0.47312552,0.5416497,0.08006658,0.4641298,0.1213892,0.3193029,0.27738178,0.28979787,0.0114150075,0.0045336625,0.01626882,0.67588365,0.0020989897,0.0723988,0.21527569,0.30278572
121,0.9724239,0.34197542,0.44667497,0.23612404,0.47742927,0.123903535,0.09606472,0.0832128,0.7952266,0.096371956,0.29995832,0.78200686,0.0067804325,0.20444572,0.04169776,0.020312391,0.081317194,0.0928061,0.10019326,0.54228044,0.5948443,0.021747224,0.51980877,0.022689154,0.30493855,0.26185474,0.22345471,0.0961707,0.016218202,0.015876906,0.71651983,0.0028736317,0.4210562,0.23792928,0.5059548
122,0.9639531,0.1254905,0.4191833,0.25357878,0.39295578,0.14034852,0.06781322,0.12955223,0.489022,0.10152363,0.1841076,0.4883606,0.005615993,0.57512283,0.037085865,0.12392296,0.10386005,0.09262912,0.07713153,0.48337156,0.36525765,0.022983601,0.18032327,0.114356644,0.20949149,0.29046664,0.46547568,0.010271209,0.0057485155,0.04645336,0.6997007,0.0068425294,0.25275782,0.13207714,0.037024852
123,0.52351815,0.9531216,0.35726157,0.2745393,0.42075494,0.15478928,0.10855618,0.45794103,0.12603302,0.08929134,0.33693355,0.56129056,0.017775638,0.83397734,0.72483987,0.9419203,0.27505952,0.13536826,0.056164674,0.5436215,0.397196,0.5561071,0.3573591,0.023013026,0.27671254,0.28265557,0.4537986,0.21416923,0.88765067,0.3586374,0.7851282,0.39005345,0.3366258,0.17117989,0.15455322
124,0.4692622,0.8425735,0.4671042,0.35533744,0.42568055,0.18825829,0.3134107,0.12734827,0.740336,0.17864652,0.29872906,0.6512311,0.014247001,0.8198007,0.8277422,0.96883684,0.4998256,0.20593126,0.3146677,0.49737486,0.432676,0.84071255,0.47950792,0.04414445,0.31666037,0.30057755,0.4972508,0.8549334,0.9512396,0.35887423,0.7943362,0.027361233,0.8147853,0.28241646,0.15012918
125,0.1542553,0.7694573,0.4549606,0.4012156,0.4018,0.20110758,0.23868433,0.11071271,0.76197743,0.16564585,0.26783097,0.53826797,0.025915334,0.8348523,0.81030095,0.96428394,0.6699828,0.18889493,0.22179838,0.5169996,0.3740617,0.84329444,0.3598006,0.03561563,0.34180498,0.28221327,0.62070394,0.79330283,0.30515268,0.087656185,0.50411993,0.17097983,0.72090214,0.27447313,0.13202684
126,0.12524185,0.51573426,0.3792907,0.33893934,0.41295052,0.12634575,0.3085341,0.15534073,0.32013813,0.1302728,0.20453641,0.5048411,0.005983429,0.25912404,0.17823024,0.41424298,0.1196035,0.114006415,0.09970897,0.5640798,0.535547,0.17112249,0.32157236,0.030924259,0.29336628,0.268749,0.33569583,0.19337972,0.48880938,0.166541,0.18132517,0.033059932,0.50331736,0.22378498,0.108125135
127,0.7737818,0.9823131,0.52625674,0.2630163,0.50272936,0.121905416,0.47119224,0.2236359,0.90033185,0.109983936,0.23724936,0.7419286,0.023806477,0.61573905,0.7278625,0.9761677,0.24341626,0.12737148,0.0755716,0.46841738,0.5723984,0.51543206,0.49570197,0.038742155,0.23910972,0.26657665,0.25469756,0.18178363,0.807332,0.116718136,0.7446538,0.04201226,0.7729464,0.22385606,0.109787956
128,0.9456187,0.9476017,0.53101456,0.3951039,0.42808262,0.17180263,0.68890595,0.23150165,0.86259735,0.34046546,0.20022643,0.76900935,0.036333714,0.17552435,0.061100274,0.21119647,0.202868,0.09910468,0.10914513,0.45931697,0.49320102,0.71125543,0.3552069,0.65547574,0.2664608,0.26793185,0.58936024,0.025387432,0.025705101,0.07150564,0.6090814,0.43412283,0.46791774,0.15428148,0.08098653
129,0.010914258,0.9894517,0.66451794,0.26185435,0.4661083,0.6748821,0.07015088,0.98209274,0.024167057,0.8865423,0.14271763,0.09077318,0.00574936,0.12864344,0.002810359,0.0024394917,0.060292862,0.068302765,0.02817193,0.34861827,0.36645833,0.0075689843,0.12744279,0.0050933333,0.50574183,0.2964508,0.10282906,0.0018520312,0.0008848115,0.0035276413,0.023309559,0.0010911894,0.023822915,0.6603842,0.028701926
130,0.008936338,0.059556983,0.2417942,0.14854763,0.4634703,0.13630532,0.03974496,0.96836364,0.01759428,0.09836663,0.28041655,0.08532314,0.0035783264,0.47525677,0.0028680381,0.0025248467,0.08870784,0.15607543,0.11658586,0.455279,0.44784003,0.0054777204,0.10069966,0.0059974133,0.42850062,0.28911388,0.13689636,0.0023776984,0.0009641539,0.0036591126,0.023781713,0.0011046219,0.015713118,0.74058425,0.0075921253
131,0.3224356,0.2062656,0.5924636,0.40416747,0.32486802,0.6110718,0.17826115,0.5687491,0.04508095,0.5005662,0.26465037,0.12896012,0.019490477,0.20787793,0.01148487,0.004633354,0.28635305,0.11769189,0.1799624,0.33546984,0.26595917,0.013002903,0.09622846,0.68100727,0.36211565,0.29378697,0.53442967,0.01127254,0.0021461209,0.06177033,0.058920093,0.0014406336,0.036291428,0.15020931,0.06764273
132,0.30783638,0.013397361,0.48799133,0.20745361,0.3533225,0.19277215,0.051509455,0.02001705,0.660224,0.10890432,0.19298555,0.19716291,0.00559159,0.33124447,0.009246623,0.003461071,0.07234425,0.103107385,0.83037955,0.5364361,0.27722403,0.019956818,0.18666928,0.013435944,0.36860618,0.2546622,0.20697229,0.928636,0.0016168577,0.0081432015,0.7483975,0.0015636084,0.08113795,0.16077664,0.48359808
133,0.009934308,0.9849119,0.6123812,0.22906202,0.6324673,0.8254433,0.97984856,0.98223776,0.047323115,0.78738457,0.0898663,0.112303555,0.004298253,0.10670316,0.0029719647,0.0022957593,0.04888555,0.05790703,0.027733227,0.3183206,0.5427352,0.00691021,0.1416533,0.004969092,0.16740774,0.25499392,0.05714552,0.0015946743,0.0008169779,0.0035322774,0.021237962,0.001083704,0.019560903,0.71972317,0.041055456
134,0.019217957,0.99197525,0.6411032,0.35258836,0.4411983,0.7342075,0.15522195,0.84154475,0.07454956,0.8595176,0.3285229,0.21913372,0.31508705,0.121839486,0.004486197,0.002914218,0.056600466,0.062047318,0.0298934,0.3334642,0.28422472,0.010256363,0.34302092,0.0050473562,0.36275336,0.26433846,0.07948724,0.0022325665,0.0010535332,0.0039262795,0.03566507,0.0010632413,0.036246516,0.3317221,0.06142869
135,0.032895986,0.03222196,0.50190485,0.6381879,0.4160453,0.21387729,0.13158959,0.023533048,0.11783993,0.0868389,0.44903022,0.8485244,0.9936494,0.12344834,0.0059870547,0.0035714335,0.06060506,0.06421675,0.030057786,0.4355501,0.28847376,0.010557679,0.7095296,0.0050990195,0.57300556,0.2158813,0.10840354,0.0045275358,0.0010186228,0.0041930294,0.49814585,0.0012986138,0.03818314,0.2574477,0.81372064
136,0.010943091,0.956259,0.5196834,0.43884048,0.48664424,0.73706406,0.3027038,0.93919647,0.028872924,0.8663603,0.35673437,0.114542946,0.0016324051,0.11578967,0.0026504237,0.0026657395,0.047416117,0.044452444,0.019542532,0.24910052,0.3263204,0.00830355,0.14129324,0.0041936226,0.1761312,0.29287422,0.055159,0.0018623555,0.00091226114,0.003089225,0.021134563,0.0010723282,0.026078627,0.29174915,0.024630817
137,0.0062442645,0.012489411,0.20601527,0.12978771,0.39594856,0.09987518,0.017976291,0.04199316,0.015670707,0.025906587,0.12748401,0.08597224,0.0029117598,0.8316598,0.004129377,0.0041706306,0.47455275,0.2517235,0.8933106,0.61573994,0.3849963,0.008760629,0.12582628,0.9881799,0.611204,0.28324863,0.49975672,0.010225073,0.0017669246,0.012451383,0.029596686,0.001181973,0.016375175,0.24660882,0.009113365
138,0.012173473,0.11294609,0.22996533,0.31215814,0.62441856,0.31269398,0.027747815,0.4400628,0.026897933,0.05346076,0.0899238,0.12557349,0.003269172,0.8780192,0.5511628,0.022063376,0.7185315,0.5448254,0.56429875,0.38058683,0.6385278,0.037627727,0.148957,0.042519458,0.3400583,0.3016429,0.7527388,0.0031640248,0.0021880819,0.022253158,0.031415336,0.027260546,0.021170657,0.32179207,0.0428171
139,0.009004386,0.35844716,0.24758735,0.20216163,0.5601095,0.13054161,0.027331084,0.9484609,0.0153033575,0.09369108,0.15110396,0.098376855,0.0063532433,0.20884356,0.008090975,0.9672008,0.24427518,0.10325976,0.08772454,0.53709966,0.49741405,0.008244726,0.2659866,0.008066775,0.6159122,0.29598036,0.6817951,0.11078594,0.0030595483,0.0048599765,0.022579024,0.004829199,0.02927848,0.47653493,0.37649587
140,0.010415462,0.9882813,0.6778486,0.26117176,0.598622,0.7586663,0.9380151,0.9876374,0.03875941,0.8318748,0.16486485,0.09251667,0.015883619,0.1083385,0.0028770154,0.0024365275,0.062893584,0.05053343,0.021917235,0.47403374,0.43132702,0.0071014864,0.12118313,0.005048146,0.2824717,0.2575149,0.06401799,0.001928127,0.0008129579,0.0035836073,0.028615573,0.0010700332,0.020496372,0.66152406,0.03790585
141,0.93837774,0.93275344,0.68562675,0.17025924,0.3662305,0.64747596,0.3394114,0.645893,0.02302248,0.53467894,0.124459535,0.10246782,0.87905693,0.14383973,0.0042354045,0.0028372665,0.16662966,0.099606074,0.03129367,0.3410872,0.31235713,0.07094384,0.08436527,0.015781997,0.3764661,0.29396716,0.14538923,0.0020680786,0.00094440527,0.003781453,0.12687561,0.0010586976,0.026216531,0.37561354,0.007534062
142,0.012117058,0.98476034,0.46213427,0.17753299,0.39411435,0.6552888,0.021039046,0.41603014,0.0150482105,0.6869423,0.14791512,0.098669544,0.005615759,0.16055106,0.0023357437,0.0021249752,0.06020137,0.061111484,0.024953743,0.35458854,0.29969758,0.0050235162,0.22401269,0.0041072546,0.4535784,0.30543473,0.056478642,0.0018173367,0.0008795626,0.0029426,0.01895395,0.0010571007,0.021803759,0.40508264,0.010873349
143,0.09798272,0.9616666,0.49804947,0.35112616,0.5776825,0.522793,0.057269175,0.04802128,0.049469903,0.19578522,0.5002205,0.4532976,0.031240184,0.11979726,0.0035037682,0.0027711526,0.042626683,0.058580793,0.021614313,0.31660104,0.44827667,0.006558561,0.71921283,0.0050081476,0.28230497,0.24563222,0.07156134,0.0018955789,0.0009286662,0.0034136793,0.0478239,0.0010204224,0.021631705,0.40376318,0.23452699
144,0.012636159,0.05925562,0.24449772,0.23833282,0.38310462,0.16778369,0.029304715,0.6343707,0.017591035,0.15224001,0.57786655,0.1262483,0.068683416,0.21575457,0.0026999677,0.0023571723,0.111739114,0.103083685,0.046868846,0.47842896,0.2921909,0.0052630883,0.31683934,0.0045245145,0.69175357,0.3269317,0.107878245,0.002689658,0.0009794864,0.0031227327,0.024917835,0.0011949297,0.021875571,0.32968903,0.011198984
145,0.023450563,0.8657003,0.4877992,0.25801194,0.3579004,0.18283282,0.33189443,0.8704407,0.06716135,0.1751203,0.47120655,0.19261557,0.008376782,0.24045318,0.0029715057,0.0025146024,0.08391572,0.08904688,0.06239879,0.46479648,0.28496912,0.007547002,0.14161107,0.005113351,0.40949386,0.27245718,0.15354037,0.0073652086,0.0009723165,0.003243869,0.27020827,0.0011078633,0.025668964,0.31322542,0.02427636
146,0.104079016,0.036785968,0.3444116,0.52431566,0.3899197,0.61627716,0.025714312,0.014946236,0.027423557,0.21773668,0.40961987,0.14017735,0.016571436,0.1633837,0.0033680128,0.0023016362,0.050668884,0.06948578,0.048260953,0.40504518,0.2531601,0.0055930014,0.84075695,0.0045016394,0.77812964,0.25079545,0.060994383,0.0023181306,0.0008632079,0.003045884,0.052394953,0.001126326,0.019711921,0.29107141,0.90539044
147,0.01871141,0.98852277,0.7168236,0.3055332,0.5054064,0.8799403,0.07061959,0.97732955,0.06534805,0.93078494,0.1802371,0.11832073,0.008550741,0.112296686,0.002830112,0.0022851934,0.043266527,0.050350785,0.022966612,0.3105385,0.31763372,0.007783364,0.14662783,0.004808055,0.47654754,0.2614231,0.06483192,0.0016805577,0.00082090695,0.0035153565,0.023050774,0.0010059088,0.017729115,0.73965675,0.007533563
148,0.021548988,0.9892418,0.6050659,0.3292779,0.4368914,0.72966814,0.21410452,0.98242974,0.029461103,0.8806816,0.16504753,0.095950186,0.03755908,0.12090923,0.0028528268,0.002574889,0.14268658,0.09299333,0.03473902,0.4071279,0.3685394,0.013902529,0.12164908,0.007161497,0.45981959,0.33424586,0.14061122,0.0020361906,0.00088011136,0.0032650025,0.02929559,0.0012041832,0.019515594,0.6527685,0.010329048
149,0.010025003,0.23081058,0.31550163,0.4613887,0.39859533,0.86583644,0.08000821,0.85072607,0.024883969,0.81010705,0.29026914,0.12268598,0.04387014,0.12062065,0.0022180998,0.002644026,0.03258461,0.05081909,0.023292031,0.43362385,0.28600973,0.007873822,0.25329477,0.00524614,0.72202927,0.25696203,0.06838869,0.002242226,0.00078321114,0.0029047884,0.02033638,0.0009898036,0.017382177,0.4145065,0.0070786336
150,0.23923038,0.9855592,0.7330989,0.57853,0.3833136,0.80829614,0.11044858,0.968506,0.07985184,0.93546665,0.5921984,0.16427219,0.9271049,0.11771518,0.0050314423,0.0027642355,0.24552602,0.084029704,0.060338706,0.30860737,0.29154631,0.02716467,0.11314171,0.009471548,0.32217124,0.3075703,0.22434495,0.0032797924,0.000989132,0.0045858338,0.027166666,0.0016406782,0.019419366,0.21921343,0.018257465
151,0.02095853,0.9601784,0.6497904,0.31790885,0.4628922,0.7661511,0.9457639,0.8913179,0.042176537,0.6970781,0.1092209,0.24243544,0.94180447,0.106723614,0.0033164644,0.0024747492,0.04146665,0.06112648,0.020081481,0.5246562,0.4324005,0.00730983,0.2310761,0.006414847,0.4500676,0.25702673,0.0746434,0.0021632728,0.0010024055,0.0031333177,0.029540574,0.001183923,0.0211398,0.34832457,0.011898911
152,0.055846054,0.9757616,0.40713173,0.37914577,0.49473378,0.88894916,0.83949536,0.708332,0.049068864,0.81910044,0.21677901,0.13151525,0.5683173,0.11981787,0.0027656774,0.0022466232,0.048660178,0.065609396,0.022563316,0.4767222,0.2741836,0.006396204,0.28331596,0.00952182,0.41613042,0.24130185,0.08854722,0.0020871228,0.0008957078,0.0040311487,0.028022049,0.0011130426,0.014943533,0.30620193,0.039523255
153,0.1614151,0.9873031,0.561989,0.18569009,0.5222783,0.43551877,0.08568574,0.15572435,0.037088297,0.18695924,0.29939747,0.41269782,0.015394195,0.1080855,0.0038223714,0.003043154,0.05486015,0.05831972,0.027204745,0.32603,0.4420215,0.0064696497,0.39985085,0.0056903516,0.52756274,0.25864792,0.06152857,0.0023486887,0.0008748694,0.0035311363,0.032632243,0.0010886613,0.02078473,0.36598784,0.012257406
154,0.049734823,0.9905274,0.71051896,0.23483177,0.4031032,0.5757843,0.07724925,0.605145,0.07074978,0.8175041,0.41735905,0.78182906,0.898423,0.12608822,0.0042268005,0.0025988433,0.05796249,0.05277248,0.024805637,0.30453876,0.25719732,0.0060783,0.59122765,0.004747993,0.5053052,0.22513807,0.07345783,0.002174421,0.0008118079,0.00353966,0.046863012,0.0011272696,0.033216562,0.18371105,0.10136997
155,0.02007147,0.9727332,0.39996538,0.13706847,0.36139,0.24081267,0.022464313,0.94594455,0.01931578,0.5645908,0.14529401,0.13763009,0.010979545,0.7542357,0.002509357,0.0026886105,0.14393172,0.079354376,0.1810506,0.40631914,0.36528966,0.0068351487,0.16438392,0.004653321,0.59782046,0.27682704,0.088961326,0.004319888,0.0007961615,0.0027291547,0.038403735,0.0011214634,0.01810773,0.24140278,0.014951095
156,0.014951466,0.029571073,0.5119877,0.16895062,0.351482,0.20493479,0.9762289,0.043156803,0.017625587,0.041264743,0.08132236,0.11081691,0.84498686,0.123231016,0.003701938,0.0070767934,0.9003336,0.10661347,0.045543928,0.41620982,0.25168735,0.99164575,0.16415422,0.027699303,0.22762606,0.28919336,0.13357607,0.97256786,0.007402124,0.008338105,0.04497352,0.0014122415,0.062194422,0.21942317,0.08789637
157,0.008310447,0.05615125,0.27869707,0.1985979,0.40180707,0.3154407,0.023155523,0.021014124,0.017071607,0.086383514,0.119088404,0.10464796,0.0037645444,0.14237674,0.0030992017,0.0994856,0.65583056,0.07878873,0.043976348,0.36014372,0.29370695,0.9920368,0.20440893,0.3995829,0.7297695,0.3734441,0.21739382,0.9878913,0.0018594099,0.004675942,0.02302599,0.001721018,0.062855594,0.43499616,0.9776949
158,0.0073528467,0.11693923,0.32519966,0.16079111,0.44996643,0.09599581,0.02522862,0.017423967,0.020134546,0.050704766,0.091837384,0.17112797,0.0039838348,0.119332455,0.0031547006,0.01565446,0.25983223,0.064349726,0.02403287,0.38167393,0.36603612,0.9929361,0.4008352,0.02686834,0.41933513,0.3660322,0.1130653,0.97021097,0.001536569,0.0047239466,0.026369855,0.001520945,0.5465168,0.29273254,0.35898566
159,0.008326966,0.016399095,0.18429008,0.114421695,0.41023222,0.11229894,0.019767314,0.039469093,0.010345103,0.047756404,0.08285188,0.10739846,0.0032305033,0.16538784,0.0024745055,0.008385258,0.1594159,0.07608302,0.025928292,0.4185794,0.35422352,0.9552153,0.22270791,0.013695853,0.33501962,0.47756243,0.079920195,0.97704494,0.0011878257,0.0035441045,0.020894451,0.0011535299,0.029863875,0.30669174,0.021415027
160,0.0061518,0.022276249,0.20480633,0.4701103,0.3622888,0.19112001,0.018994385,0.015449519,0.016980167,0.036175422,0.14651515,0.39449096,0.0042939107,0.14199518,0.11598628,0.0062908386,0.43391263,0.048999302,0.02991791,0.47663558,0.25918067,0.97157997,0.74786687,0.007213109,0.68183726,0.35344887,0.18609993,0.98367035,0.0012557638,0.0032339462,0.017151706,0.0016298093,0.8777057,0.28702056,0.12148983
161,0.011696934,0.9637917,0.23242888,0.3868434,0.4533171,0.7005073,0.025610618,0.049356535,0.02673663,0.11055374,0.35125422,0.12507838,0.15682036,0.15604395,0.002886243,0.27989003,0.6756185,0.08602215,0.035476655,0.30976734,0.29945987,0.8181641,0.18040907,0.94707084,0.65569603,0.37302816,0.12475481,0.74983245,0.0011086097,0.0037393991,0.017265385,0.0011872335,0.022808075,0.5890135,0.9097512
162,0.022868423,0.959212,0.6231813,0.2529454,0.4275301,0.09634206,0.036315903,0.076162964,0.0448625,0.038727548,0.1028898,0.6003365,0.030991286,0.123528756,0.0042167213,0.011416756,0.9312586,0.06392884,0.026648104,0.47767064,0.36504844,0.9919252,0.29223838,0.02323456,0.18385312,0.29157192,0.37402278,0.98338205,0.022352053,0.018116534,0.16207412,0.001570674,0.66048837,0.1206742,0.015980719
163,0.006153287,0.9746786,0.5409622,0.15618931,0.35970134,0.19971004,0.028949806,0.13969117,0.02987361,0.05952832,0.2676525,0.18111499,0.74980485,0.20981885,0.0029404364,0.006368828,0.89331836,0.061447084,0.021447962,0.28666103,0.31305426,0.9895487,0.13774778,0.1587441,0.19055939,0.3453631,0.8783024,0.98639905,0.01206139,0.009028557,0.019148793,0.0012242834,0.04238497,0.17679277,0.026712308
164,0.0077092918,0.09266482,0.48629764,0.07676609,0.41463968,0.06859034,0.021127962,0.09200521,0.027498953,0.029248236,0.11448004,0.11748075,0.0020535933,0.14223391,0.002816944,0.02684971,0.18029192,0.041078694,0.017901232,0.2215853,0.2916517,0.3424033,0.09728855,0.024039833,0.18862125,0.34839937,0.07574042,0.9938589,0.001376758,0.0040479675,0.018916488,0.0013239122,0.049414538,0.08203977,0.41205943
165,0.0989874,0.9841016,0.55903107,0.33733812,0.43422732,0.11859472,0.026781559,0.8243894,0.900035,0.047903996,0.44844863,0.7889429,0.83389866,0.8782023,0.17455429,0.8674874,0.92522734,0.1005704,0.076463155,0.4716848,0.43593374,0.21661977,0.22467439,0.8363668,0.54874486,0.28490898,0.860969,0.017302008,0.06317087,0.09508612,0.045094837,0.9393258,0.8643348,0.20021023,0.7294022
166,0.00909816,0.91496164,0.63751566,0.34372994,0.321439,0.43100494,0.596617,0.13186002,0.028454008,0.039215267,0.12640604,0.32878232,0.97282875,0.35023856,0.006258572,0.0047132666,0.8285464,0.08144224,0.022717541,0.42748314,0.28598008,0.99189115,0.22761801,0.12312291,0.19201922,0.2861282,0.33983362,0.99041605,0.19526419,0.011133383,0.35400733,0.0013695961,0.071096376,0.14964423,0.03440467
167,0.4478765,0.9060738,0.47010964,0.36134622,0.42604312,0.13653158,0.21936797,0.17723233,0.87359583,0.11864507,0.26942563,0.59018904,0.652012,0.78338975,0.54087585,0.9199853,0.40056738,0.13636893,0.14534156,0.4413693,0.38230917,0.8113571,0.32956392,0.022388726,0.28289235,0.28979507,0.47246623,0.1645139,0.6010206,0.85490996,0.44808736,0.004396916,0.84389466,0.16892211,0.1298478
168,0.012477913,0.9647626,0.61576164,0.15400873,0.38342774,0.093914196,0.6597753,0.33994448,0.42086762,0.039648116,0.14942089,0.57488817,0.99039197,0.84727645,0.0039679953,0.015211354,0.9045762,0.054070607,0.03454085,0.34115618,0.26859498,0.9943169,0.3088438,0.02189226,0.24653046,0.33035982,0.1297158,0.9924718,0.0013698773,0.004224401,0.032281067,0.0011569551,0.067786545,0.12842694,0.019779973
169,0.0049338215,0.01631119,0.19016215,0.17599757,0.40816808,0.099178866,0.019520987,0.03280247,0.013670169,0.026331734,0.06508894,0.10987105,0.002036612,0.8963592,0.9898594,0.0061063706,0.82128465,0.32556126,0.038016737,0.49650097,0.28821644,0.00740517,0.10271502,0.04992967,0.277364,0.29067975,0.47540364,0.005769676,0.0026546977,0.31466308,0.026840094,0.0015790301,0.017269293,0.38117632,0.006922059
170,0.021900922,0.017275639,0.295731,0.1787026,0.3784856,0.10516067,0.11236302,0.1641179,0.032401584,0.04336166,0.14173983,0.27388793,0.0043690708,0.8493448,0.9879991,0.01220413,0.5195252,0.32736754,0.09195055,0.6027756,0.30089578,0.032731645,0.20352487,0.023084119,0.33532158,0.24416396,0.44780046,0.035524,0.032809347,0.07379104,0.2698927,0.00141887,0.03252056,0.30044293,0.040742554
171,0.014016286,0.02708938,0.19210552,0.1750786,0.39575633,0.08555868,0.024086678,0.07645474,0.0321085,0.03343186,0.15732753,0.09302833,0.0055445745,0.87355965,0.9707879,0.030732676,0.5538565,0.19362456,0.02845267,0.6537635,0.44912812,0.013546032,0.112714745,0.97968525,0.2730712,0.28360564,0.38116774,0.016440865,0.073363476,0.9937059,0.039588135,0.0022440432,0.024097594,0.2400503,0.2917554
172,0.038863704,0.028613208,0.18432978,0.13365929,0.39805946,0.07934025,0.11024765,0.12610225,0.022061316,0.028514707,0.11249665,0.087128356,0.0031550003,0.32872504,0.9786081,0.9743455,0.17392904,0.1398666,0.032041952,0.69341516,0.414667,0.011234122,0.14055422,0.99011564,0.29653698,0.22479169,0.1391426,0.96492285,0.9644875,0.9810642,0.57621515,0.0018292998,0.04131693,0.21370958,0.08792071
173,0.007901447,0.010330307,0.21358053,0.142634,0.3822759,0.081224784,0.021799864,0.03182584,0.0147479875,0.03953358,0.13001916,0.10789582,0.0029142962,0.29234576,0.9296183,0.14536136,0.59590924,0.13665976,0.07964302,0.41192177,0.3660003,0.010405688,0.075118236,0.20542796,0.17641889,0.28997406,0.25813305,0.0041934596,0.011939371,0.16594414,0.059819978,0.002668058,0.023763826,0.30972135,0.011829608
174,0.012961806,0.014241946,0.19463412,0.11132892,0.3437757,0.08118364,0.022373721,0.062410653,0.016163865,0.027779171,0.07127756,0.09282124,0.004166889,0.5790444,0.96713614,0.00833239,0.20799565,0.15118583,0.022068147,0.5446698,0.33605042,0.008990641,0.07954966,0.9535011,0.19436044,0.31126177,0.6759774,0.011551931,0.0066086147,0.8789467,0.041561365,0.0013388161,0.023793027,0.22402184,0.040595897
175,0.014191264,0.06308034,0.30203685,0.20025405,0.39415655,0.067635566,0.02224727,0.8156989,0.077603705,0.027774563,0.098957255,0.26728007,0.0017251453,0.48330945,0.98893356,0.009326379,0.56902593,0.10487711,0.023508193,0.45867518,0.27451894,0.18727341,0.09789436,0.035972275,0.15490805,0.24641185,0.9249931,0.0033844556,0.99008405,0.28211147,0.07160594,0.0016412914,0.18196148,0.1354321,0.0070558633
176,0.037488896,0.017042065,0.28078082,0.23794688,0.35410172,0.105199136,0.031301618,0.13218984,0.12197379,0.038823687,0.12870537,0.6092943,0.0031227756,0.8855154,0.98715276,0.018122887,0.2848247,0.15875565,0.061057605,0.6705173,0.2919912,0.011806932,0.39688906,0.03215187,0.266897,0.2801484,0.47042522,0.14068425,0.015443725,0.1417121,0.10486655,0.0018999964,0.2378999,0.202823,0.024024846
177,0.5599323,0.8179038,0.528325,0.3447035,0.4063419,0.2148948,0.34122348,0.11259439,0.67754155,0.23073496,0.35762298,0.68757415,0.03603633,0.8285659,0.9166619,0.9754301,0.72638315,0.21794093,0.4526084,0.4625077,0.37217143,0.8856078,0.46243617,0.035397235,0.369044,0.28085753,0.48707995,0.84894997,0.45970652,0.16318925,0.7722333,0.2363649,0.8328626,0.22695632,0.21422236
178,0.0061134826,0.011226021,0.27264166,0.32562637,0.3430775,0.67621905,0.017428897,0.02635588,0.01219225,0.023909083,0.05236585,0.10072129,0.0041772956,0.1325454,0.0036652822,0.0034512987,0.691742,0.10916168,0.4870393,0.3633749,0.30001786,0.016579434,0.065221265,0.9898984,0.27268165,0.30385834,0.5080783,0.0033186262,0.0018076436,0.0047479183,0.028689956,0.0011710274,0.02822771,0.3744033,0.01720227
179,0.0045485077,0.00940364,0.17134061,0.23547354,0.5168583,0.077291936,0.018988045,0.016999932,0.01002179,0.022739481,0.0710283,0.087976225,0.0025579322,0.11649524,0.0032476084,0.0037450576,0.19628714,0.46395153,0.49405193,0.4090526,0.31523046,0.005925592,0.059678245,0.99331903,0.14868762,0.268964,0.20285784,0.002680575,0.0028441667,0.0061768866,0.021090241,0.0012607169,0.016114626,0.5809085,0.01018927
180,0.004394531,0.007160432,0.19893056,0.32607177,0.5953608,0.09296199,0.021337468,0.043092966,0.014108936,0.027413983,0.05376822,0.08801028,0.0018881622,0.11561704,0.0033612107,0.0030793224,0.097543545,0.7565661,0.93538755,0.3596167,0.5200545,0.00826207,0.06571079,0.9943234,0.21323186,0.29119718,0.08880938,0.001919347,0.0014351495,0.0036875585,0.025670601,0.0011273985,0.015186923,0.79205495,0.011431194
181,0.01231482,0.010079895,0.21911633,0.57343763,0.46166375,0.8436605,0.41339993,0.5107298,0.03872024,0.030158093,0.20104913,0.10279631,0.0023117496,0.1450998,0.005071609,0.0032055308,0.08579171,0.63421744,0.95463103,0.30390617,0.2902598,0.0059970883,0.09731196,0.9720961,0.4084125,0.26818663,0.23272969,0.0026220619,0.0012207202,0.0048149233,0.024426999,0.0011091712,0.018519346,0.48867676,0.011183334
182,0.012222401,0.00856447,0.19832359,0.2265122,0.3964377,0.11290664,0.019154383,0.01504766,0.0188481,0.026442539,0.040847115,0.095536046,0.0012400303,0.1671187,0.002834494,0.0025931946,0.0414359,0.20148337,0.03444544,0.3782645,0.3306323,0.0060234047,0.06891709,0.01631409,0.16070932,0.36142966,0.11687319,0.0025017273,0.0013699131,0.003423003,0.020241084,0.0010495515,0.018762227,0.38563284,0.031772155
183,0.00560584,0.9848091,0.5227046,0.13728477,0.5836267,0.29039374,0.02071414,0.07650866,0.01006477,0.05883887,0.056045983,0.09516996,0.0015313386,0.114263095,0.002541118,0.002383213,0.044283856,0.057731353,0.022839846,0.26406273,0.3513074,0.01126499,0.10605439,0.004386262,0.22195174,0.2879288,0.061615527,0.002322548,0.00090296665,0.0027937363,0.016241286,0.0010130203,0.02068686,0.34875834,0.0043784105
184,0.012557915,0.03891061,0.29982397,0.5514559,0.4395234,0.8149972,0.019838665,0.97317535,0.014371302,0.045044873,0.096853115,0.100701004,0.18915327,0.11688194,0.0029647378,0.0030630482,0.7396633,0.4505055,0.056246597,0.3072583,0.26964784,0.008927418,0.06758911,0.0066267364,0.194138,0.43557504,0.084045894,0.0018462436,0.0009921067,0.0033700862,0.016393282,0.0010871963,0.0152297085,0.80184984,0.0055958787
185,0.006726878,0.99138874,0.31064352,0.4204216,0.36831102,0.54518443,0.016818637,0.014043515,0.009661398,0.2170797,0.092127696,0.09542631,0.0010888058,0.11477265,0.95307976,0.0033801864,0.7985291,0.051486947,0.035812113,0.25175682,0.26876312,0.0049596797,0.059441753,0.0038992947,0.16034432,0.48344493,0.048351415,0.0016307195,0.00085322734,0.002649403,0.016911106,0.0009851509,0.02974202,0.5621129,0.00808355
186,0.052785084,0.9901308,0.6520279,0.25034675,0.39550143,0.8429796,0.022671847,0.97367,0.012213966,0.68012273,0.11226033,0.097160056,0.008531862,0.1252749,0.0029823694,0.0027805388,0.80815727,0.0723676,0.060153875,0.25590748,0.31248382,0.013865623,0.07474869,0.0052708653,0.4247593,0.3380171,0.085112,0.0016139338,0.00081704796,0.0027810966,0.017193612,0.0010179719,0.025849806,0.511708,0.004044354
187,0.08468559,0.9340866,0.21914938,0.18495691,0.3531761,0.08507146,0.21871391,0.015388213,0.011922794,0.22070464,0.054414723,0.08376616,0.009857053,0.11870411,0.0027481187,0.006267476,0.040791005,0.04294285,0.017454337,0.24578415,0.2435853,0.005374666,0.055322647,0.0122200865,0.12200039,0.24624617,0.111688256,0.0020190717,0.00084316597,0.002626976,0.014843854,0.00096732145,0.027358344,0.2976405,0.010443174
188,0.030121218,0.101590276,0.27220574,0.16512206,0.36318016,0.11316934,0.023001952,0.029020336,0.017075712,0.05109502,0.12709478,0.10851131,0.002355166,0.19766238,0.0046889917,0.00567663,0.05037667,0.06856554,0.021942655,0.3315885,0.37913448,0.13876519,0.102329865,0.2499225,0.28163734,0.47170866,0.5693646,0.049202766,0.0008312501,0.0028344966,0.02260109,0.0010561082,0.033299457,0.2057463,0.0058296015
189,0.012884993,0.95156264,0.34461194,0.1205692,0.39732137,0.2587024,0.017029498,0.11433405,0.010652636,0.3430068,0.040544357,0.10615036,0.0010645955,0.11578291,0.0021680086,0.0022202958,0.050494973,0.04671035,0.018029816,0.23872997,0.27954453,0.0051745777,0.067291684,0.0043095965,0.14906272,0.30653042,0.06907701,0.0019179947,0.00075597095,0.0025724347,0.020956824,0.00097320194,0.032763902,0.24278973,0.0038953668
190,0.013797207,0.9373842,0.21176289,0.19047745,0.5111284,0.12961744,0.017850243,0.020753777,0.010502592,0.06324914,0.045616098,0.10787411,0.001247363,0.13837232,0.0024268758,0.0029722278,0.040307388,0.06842188,0.020353556,0.3005191,0.335878,0.0059352764,0.062090155,0.00404323,0.19220087,0.45118982,0.06139028,0.0015627497,0.0007673472,0.002600213,0.02044693,0.0009727083,0.023455381,0.5953598,0.006596764
191,0.90099794,0.99133015,0.35162738,0.14257382,0.4787614,0.54283786,0.405043,0.80771345,0.049193274,0.596241,0.04837477,0.18263657,0.0026742062,0.23611557,0.002815492,0.0061923037,0.19915813,0.04694261,0.020138765,0.22089775,0.2580656,0.01954596,0.06739173,0.004706024,0.16567008,0.3764421,0.088622525,0.0021703702,0.0008669539,0.0028172545,0.019607456,0.0010504238,0.021601647,0.72523475,0.023583032
192,0.0045122122,0.9710744,0.20331134,0.15190046,0.40860114,0.12828904,0.018324323,0.0110513475,0.014547052,0.03536951,0.04451208,0.09548965,0.0023423054,0.82464874,0.0028593412,0.0052443985,0.1711697,0.059100132,0.022175128,0.31339762,0.3249933,0.015998693,0.097369775,0.004880684,0.3071481,0.26443365,0.36173517,0.0021694985,0.00091404555,0.002922098,0.018256696,0.0010637292,0.019430025,0.2561459,0.011679747
193,0.009911952,0.98875856,0.35833037,0.63147193,0.38140735,0.7618844,0.016362032,0.59056985,0.01108591,0.9419597,0.8641049,0.091635056,0.6908193,0.18187292,0.0054277875,0.00476113,0.8331106,0.060612254,0.019658027,0.26571262,0.29006335,0.15006846,0.10718488,0.004199074,0.5472505,0.5522886,0.20349678,0.0017942061,0.00086622767,0.0034453652,0.013992833,0.00097141275,0.0278289,0.6841995,0.047414854
194,0.035360113,0.9789534,0.2940447,0.2802588,0.36448225,0.5535401,0.017990302,0.18559739,0.009902485,0.8537343,0.05996016,0.1052341,0.00798331,0.39463767,0.00626984,0.0052586216,0.18350042,0.23239608,0.08221198,0.31283712,0.31782946,0.008234765,0.09181368,0.0040125013,0.32026103,0.6040785,0.11777377,0.0018482889,0.0008178292,0.0026793082,0.025171071,0.0011043414,0.03059254,0.27058327,0.010750952
195,0.007210228,0.028650872,0.19981053,0.3106879,0.5917387,0.17494965,0.021183884,0.8957432,0.015658062,0.08534254,0.08778101,0.090137914,0.0043153297,0.12534633,0.0100588575,0.0028470259,0.04937052,0.068018034,0.028850038,0.46514425,0.4563252,0.0058432673,0.1351975,0.0052150176,0.25681478,0.25281727,0.07459119,0.0029268167,0.0010501387,0.0046632565,0.020663023,0.0011776465,0.01821156,0.32325557,0.0074322377
196,0.008827048,0.08812331,0.25586578,0.38433966,0.526705,0.16663732,0.022557816,0.1317778,0.01768388,0.05491056,0.0769199,0.11958979,0.0039203577,0.1590867,0.7835431,0.0029720129,0.28059497,0.1440399,0.056741502,0.42937928,0.34442917,0.007285883,0.09541481,0.0077074207,0.32315418,0.24880233,0.10077387,0.004322939,0.0012996773,0.012705542,0.03397309,0.0012906147,0.022960544,0.46657813,0.009407585
197,0.034200154,0.9917419,0.73500246,0.12717819,0.552902,0.16009745,0.05497009,0.5193651,0.027682329,0.84883606,0.083727784,0.11722949,0.0025121684,0.11326138,0.004953278,0.0048345737,0.12199619,0.051970635,0.0218554,0.29660416,0.44995353,0.01107285,0.15219043,0.0053246664,0.20989688,0.29242387,0.090410285,0.0018194951,0.0011674488,0.0035298127,0.023947027,0.0011353943,0.030308956,0.31157532,0.013025766
198,0.0058559035,0.7850567,0.50413704,0.11851077,0.6163924,0.16683483,0.073948994,0.99242276,0.012346027,0.5335365,0.12856902,0.09253523,0.003912385,0.12299452,0.0030829369,0.0023580715,0.07397471,0.05720868,0.030213596,0.45145175,0.40082127,0.008089643,0.089434884,0.005023786,0.28013068,0.2565653,0.056954417,0.0016366863,0.0010508061,0.0038038434,0.026209977,0.0011334383,0.01652903,0.5280339,0.009076773
199,0.008301807,0.98184425,0.43919802,0.21271436,0.5390018,0.6471405,0.1348848,0.9921158,0.014775491,0.885303,0.15039521,0.114213146,0.0035553153,0.12063112,0.002842681,0.0020597037,0.0437073,0.050435565,0.022327557,0.2617358,0.37546408,0.005968202,0.15336941,0.00445719,0.23709844,0.2834542,0.055152453,0.0015837589,0.00088470953,0.0031151476,0.018938428,0.0010713189,0.021629756,0.23143463,0.0041039363
200,0.0065765837,0.2310667,0.21578941,0.1406101,0.5806179,0.1190855,0.01899669,0.08260266,0.015315218,0.06444943,0.074099824,0.0802257,0.0019113998,0.114675604,0.042239454,0.002512097,0.045170788,0.061580017,0.023651388,0.4224726,0.33958384,0.005109321,0.09921683,0.006141977,0.13617736,0.26073655,0.05850688,0.0022654126,0.0012070943,0.0057030157,0.026235033,0.001086909,0.015134763,0.22317743,0.009491656
201,0.0069279415,0.99022126,0.38095632,0.66187733,0.38631698,0.8498685,0.054629065,0.99185187,0.017384483,0.92111397,0.16742915,0.08957366,0.0028942998,0.10618718,0.0023380572,0.0024761846,0.041388802,0.052018233,0.017405374,0.4271567,0.24556673,0.005229045,0.07740487,0.0040522646,0.12343377,0.25737813,0.064659536,0.001750205,0.00078807404,0.002733737,0.019777957,0.0009895565,0.022063365,0.1690022,0.0046226345
202,0.014530322,0.009166218,0.16721164,0.16568917,0.5391292,0.08758653,0.020435827,0.021699196,0.01232054,0.026902003,0.04914811,0.090055354,0.0014838474,0.22172214,0.42703283,0.006748581,0.08216725,0.08761547,0.01882625,0.2946353,0.34725612,0.006677164,0.06407832,0.053368725,0.12057706,0.30956268,0.13075991,0.0035763346,0.0009801441,0.0035878057,0.01815458,0.0011680229,0.016709961,0.25137565,0.0071404087
203,0.061414853,0.016439423,0.35803917,0.6171463,0.3953634,0.46586785,0.026404599,0.16362548,0.07251125,0.20475847,0.34677115,0.120004185,0.01044145,0.88931674,0.10749168,0.050770897,0.89135283,0.12813456,0.06293556,0.30159822,0.28767622,0.12194289,0.1379338,0.011962293,0.5859917,0.3078306,0.8591223,0.0037260144,0.0016512916,0.013022084,0.020097489,0.0068928255,0.063663796,0.26196286,0.01050897
204,0.042482723,0.020941777,0.2085389,0.12923393,0.35673693,0.149959,0.023948668,0.039858643,0.046810422,0.032370877,0.036812514,0.088252105,0.0069094896,0.20315371,0.5238963,0.008305945,0.23446384,0.1195313,0.017370308,0.3742378,0.3291674,0.0080478145,0.07005383,0.026563426,0.1288438,0.3489361,0.16965255,0.0035678856,0.00096671795,0.021899475,0.031199185,0.0010169588,0.02827992,0.31701463,0.018860374
205,0.008892764,0.43653676,0.2104872,0.16322005,0.34796938,0.09325803,0.020842394,0.09856941,0.009735423,0.0852223,0.03950044,0.09574617,0.0013659258,0.14659569,0.069128565,0.0060858866,0.4193189,0.104131445,0.022472447,0.254408,0.28745827,0.0073530027,0.06579786,0.0059082727,0.13614783,0.58714104,0.116187654,0.0026586407,0.0010089331,0.0028042002,0.018675322,0.0011059991,0.022737902,0.23510194,0.0065357867
206,0.0062080696,0.0073904246,0.17950167,0.17942302,0.37813082,0.067902125,0.01808637,0.012105836,0.0100883525,0.022860503,0.063656114,0.090355545,0.0011879586,0.14354154,0.013090267,0.024078514,0.100897886,0.062480163,0.018007513,0.29264563,0.29394463,0.005512559,0.06274078,0.07074498,0.11930775,0.42019698,0.074579686,0.0018248595,0.0008522426,0.002954347,0.018040868,0.0010841731,0.0280868,0.32575995,0.014507124
207,0.004728641,0.0077575115,0.17037897,0.39389777,0.35859612,0.10424295,0.01801009,0.012104941,0.014175084,0.022731185,0.05580862,0.093668506,0.0019064094,0.87131125,0.9781754,0.837676,0.7060462,0.10699255,0.021198431,0.310384,0.261578,0.017736882,0.0703819,0.023120573,0.1923911,0.2730746,0.26131836,0.005232941,0.001099454,0.022153832,0.015847852,0.0011212998,0.0182144,0.15695466,0.0153986765
